[{"id":1,"completed_at":"2026-01-01 03:57:43","file_name":"DATABASES - loc_countries.csv","file_path":"/home/sysadmin/webdev/sifa-new/storage/app/private/livewire-tmp/s3dS3TbWhHmXA8jZEGauDo6gKTrirJ-metaREFUQUJBU0VTIC0gbG9jX2NvdW50cmllcy5jc3Y=-.csv","importer":"App\\Filament\\Imports\\LocCountryImporter","processed_rows":249,"total_rows":249,"successful_rows":249,"user_id":1,"created_at":"2026-01-01 03:57:37","updated_at":"2026-01-01 03:57:43"},
{"id":2,"completed_at":"2026-01-01 10:29:07","file_name":"DATABASES - loc_provinces.csv","file_path":"/home/sysadmin/webdev/sifa-new/storage/app/private/livewire-tmp/tYhQitfcCSjxdSQ92KcXMAISVwY8Og-metaREFUQUJBU0VTIC0gbG9jX3Byb3ZpbmNlcy5jc3Y=-.csv","importer":"App\\Filament\\Imports\\LocProvinceImporter","processed_rows":38,"total_rows":38,"successful_rows":38,"user_id":1,"created_at":"2026-01-01 10:29:04","updated_at":"2026-01-01 10:29:07"},
{"id":3,"completed_at":"2026-01-01 12:45:55","file_name":"DATABASES - loc_provinces.csv","file_path":"/home/sysadmin/webdev/sifa-new/storage/app/private/livewire-tmp/Y4MZbtY5ZN42znI6J4WDghGxqP4hE6-metaREFUQUJBU0VTIC0gbG9jX3Byb3ZpbmNlcy5jc3Y=-.csv","importer":"App\\Filament\\Imports\\LocProvinceImporter","processed_rows":38,"total_rows":38,"successful_rows":0,"user_id":1,"created_at":"2026-01-01 12:45:52","updated_at":"2026-01-01 12:45:55"},
{"id":4,"completed_at":"2026-01-01 13:46:39","file_name":"DATABASES - loc_provinces.csv","file_path":"/home/sysadmin/webdev/sifa-new/storage/app/private/livewire-tmp/tjQKV1SWOzfkfjX4OTh6JY3NZwLQJs-metaREFUQUJBU0VTIC0gbG9jX3Byb3ZpbmNlcy5jc3Y=-.csv","importer":"App\\Filament\\Imports\\LocProvinceImporter","processed_rows":38,"total_rows":38,"successful_rows":0,"user_id":1,"created_at":"2026-01-01 13:46:39","updated_at":"2026-01-01 13:46:39"},
{"id":5,"completed_at":"2026-01-01 13:49:12","file_name":"DATABASES - loc_provinces.csv","file_path":"/home/sysadmin/webdev/sifa-new/storage/app/private/livewire-tmp/s0V6sUIxdy1PJhUR9gAmQ1T4N20ub8-metaREFUQUJBU0VTIC0gbG9jX3Byb3ZpbmNlcy5jc3Y=-.csv","importer":"App\\Filament\\Imports\\LocProvinceImporter","processed_rows":38,"total_rows":38,"successful_rows":38,"user_id":1,"created_at":"2026-01-01 13:49:08","updated_at":"2026-01-01 13:49:12"},
{"id":6,"completed_at":"2026-01-03 03:02:24","file_name":"DATABASES - loc_regencies.csv","file_path":"/home/sysadmin/webdev/sifa-new/storage/app/private/livewire-tmp/xni2skLB4uOTz5oikc0C7IFJ0UiYNR-metaREFUQUJBU0VTIC0gbG9jX3JlZ2VuY2llcy5jc3Y=-.csv","importer":"App\\Filament\\Imports\\LocRegencyImporter","processed_rows":514,"total_rows":514,"successful_rows":514,"user_id":1,"created_at":"2026-01-03 03:02:16","updated_at":"2026-01-03 03:02:24"}]
