[{"id":11,"created_at":"2026-01-01 13:49:11","updated_at":"2026-01-01 13:49:11","province_name":"Prov. Aceh","loc_country_id":107},
{"id":12,"created_at":"2026-01-01 13:49:12","updated_at":"2026-01-01 13:49:12","province_name":"Prov. Sumatera Utara","loc_country_id":107},
{"id":13,"created_at":"2026-01-01 13:49:12","updated_at":"2026-01-01 13:49:12","province_name":"Prov. Sumatera Barat","loc_country_id":107},
{"id":14,"created_at":"2026-01-01 13:49:12","updated_at":"2026-01-01 13:49:12","province_name":"Prov. Riau","loc_country_id":107},
{"id":15,"created_at":"2026-01-01 13:49:12","updated_at":"2026-01-01 13:49:12","province_name":"Prov. Jambi","loc_country_id":107},
{"id":16,"created_at":"2026-01-01 13:49:12","updated_at":"2026-01-01 13:49:12","province_name":"Prov. Sumatera Selatan","loc_country_id":107},
{"id":17,"created_at":"2026-01-01 13:49:12","updated_at":"2026-01-01 13:49:12","province_name":"Prov. Bengkulu","loc_country_id":107},
{"id":18,"created_at":"2026-01-01 13:49:12","updated_at":"2026-01-01 13:49:12","province_name":"Prov. Lampung","loc_country_id":107},
{"id":19,"created_at":"2026-01-01 13:49:12","updated_at":"2026-01-01 13:49:12","province_name":"Prov. Kepulauan Bangka Belitung","loc_country_id":107},
{"id":21,"created_at":"2026-01-01 13:49:12","updated_at":"2026-01-01 13:49:12","province_name":"Prov. Kepulauan Riau","loc_country_id":107},
{"id":31,"created_at":"2026-01-01 13:49:12","updated_at":"2026-01-01 13:49:12","province_name":"Prov. DKI Jakarta","loc_country_id":107},
{"id":32,"created_at":"2026-01-01 13:49:12","updated_at":"2026-01-01 13:49:12","province_name":"Prov. Jawa Barat","loc_country_id":107},
{"id":33,"created_at":"2026-01-01 13:49:12","updated_at":"2026-01-01 13:49:12","province_name":"Prov. Jawa Tengah","loc_country_id":107},
{"id":34,"created_at":"2026-01-01 13:49:12","updated_at":"2026-01-01 13:49:12","province_name":"Prov. DI Yogyakarta","loc_country_id":107},
{"id":35,"created_at":"2026-01-01 13:49:12","updated_at":"2026-01-01 13:49:12","province_name":"Prov. Jawa Timur","loc_country_id":107},
{"id":36,"created_at":"2026-01-01 13:49:12","updated_at":"2026-01-01 13:49:12","province_name":"Prov. Banten","loc_country_id":107},
{"id":51,"created_at":"2026-01-01 13:49:12","updated_at":"2026-01-01 13:49:12","province_name":"Prov. Bali","loc_country_id":107},
{"id":52,"created_at":"2026-01-01 13:49:12","updated_at":"2026-01-01 13:49:12","province_name":"Prov. Nusa Tenggara Barat","loc_country_id":107},
{"id":53,"created_at":"2026-01-01 13:49:12","updated_at":"2026-01-01 13:49:12","province_name":"Prov. Nusa Tenggara Timur","loc_country_id":107},
{"id":61,"created_at":"2026-01-01 13:49:12","updated_at":"2026-01-01 13:49:12","province_name":"Prov. Kalimantan Barat","loc_country_id":107},
{"id":62,"created_at":"2026-01-01 13:49:12","updated_at":"2026-01-01 13:49:12","province_name":"Prov. Kalimantan Tengah","loc_country_id":107},
{"id":63,"created_at":"2026-01-01 13:49:12","updated_at":"2026-01-01 13:49:12","province_name":"Prov. Kalimantan Selatan","loc_country_id":107},
{"id":64,"created_at":"2026-01-01 13:49:12","updated_at":"2026-01-01 13:49:12","province_name":"Prov. Kalimantan Timur","loc_country_id":107},
{"id":65,"created_at":"2026-01-01 13:49:12","updated_at":"2026-01-01 13:49:12","province_name":"Prov. Kalimantan Utara","loc_country_id":107},
{"id":71,"created_at":"2026-01-01 13:49:12","updated_at":"2026-01-01 13:49:12","province_name":"Prov. Sulawesi Utara","loc_country_id":107},
{"id":72,"created_at":"2026-01-01 13:49:12","updated_at":"2026-01-01 13:49:12","province_name":"Prov. Sulawesi Tengah","loc_country_id":107},
{"id":73,"created_at":"2026-01-01 13:49:12","updated_at":"2026-01-01 13:49:12","province_name":"Prov. Sulawesi Selatan","loc_country_id":107},
{"id":74,"created_at":"2026-01-01 13:49:12","updated_at":"2026-01-01 13:49:12","province_name":"Prov. Sulawesi Tenggara","loc_country_id":107},
{"id":75,"created_at":"2026-01-01 13:49:12","updated_at":"2026-01-01 13:49:12","province_name":"Prov. Gorontalo","loc_country_id":107},
{"id":76,"created_at":"2026-01-01 13:49:12","updated_at":"2026-01-01 13:49:12","province_name":"Prov. Sulawesi Barat","loc_country_id":107},
{"id":81,"created_at":"2026-01-01 13:49:12","updated_at":"2026-01-01 13:49:12","province_name":"Prov. Maluku","loc_country_id":107},
{"id":82,"created_at":"2026-01-01 13:49:12","updated_at":"2026-01-01 13:49:12","province_name":"Prov. Maluku Utara","loc_country_id":107},
{"id":91,"created_at":"2026-01-01 13:49:12","updated_at":"2026-01-01 13:49:12","province_name":"Prov. Papua","loc_country_id":107},
{"id":92,"created_at":"2026-01-01 13:49:12","updated_at":"2026-01-01 13:49:12","province_name":"Prov. Papua Barat","loc_country_id":107},
{"id":93,"created_at":"2026-01-01 13:49:12","updated_at":"2026-01-01 13:49:12","province_name":"Prov. Papua Selatan","loc_country_id":107},
{"id":94,"created_at":"2026-01-01 13:49:12","updated_at":"2026-01-01 13:49:12","province_name":"Prov. Papua Tengah","loc_country_id":107},
{"id":95,"created_at":"2026-01-01 13:49:12","updated_at":"2026-01-01 13:49:12","province_name":"Prov. Papua Pegunungan","loc_country_id":107},
{"id":96,"created_at":"2026-01-01 13:49:12","updated_at":"2026-01-01 13:49:12","province_name":"Prov. Papua Barat Daya","loc_country_id":107}]
