[{"id":"d76fdbfd-adb3-441f-8d0a-087c67f99265","type":"Filament\\Notifications\\DatabaseNotification","notifiable_type":"App\\Models\\User","notifiable_id":1,"data":"{\"actions\":[],\"body\":\"Your loc country import has completed and 249 rows imported.\",\"color\":null,\"duration\":\"persistent\",\"icon\":\"heroicon-o-check-circle\",\"iconColor\":\"success\",\"status\":\"success\",\"title\":\"Import completed\",\"view\":null,\"viewData\":[],\"format\":\"filament\"}","read_at":null,"created_at":"2026-01-01 03:57:44","updated_at":"2026-01-01 03:57:44"},
{"id":"76c45379-d232-45f2-a0da-bb8624a044d7","type":"Filament\\Notifications\\DatabaseNotification","notifiable_type":"App\\Models\\User","notifiable_id":1,"data":"{\"actions\":[],\"body\":\"Your loc province import has completed and 38 rows imported.\",\"color\":null,\"duration\":\"persistent\",\"icon\":\"heroicon-o-check-circle\",\"iconColor\":\"success\",\"status\":\"success\",\"title\":\"Import completed\",\"view\":null,\"viewData\":[],\"format\":\"filament\"}","read_at":null,"created_at":"2026-01-01 10:29:07","updated_at":"2026-01-01 10:29:07"},
{"id":"d45691f2-c59a-49a2-9826-139d70879db9","type":"Filament\\Notifications\\DatabaseNotification","notifiable_type":"App\\Models\\User","notifiable_id":1,"data":"{\"actions\":[{\"name\":\"downloadFailedRowsCsv\",\"color\":\"danger\",\"event\":null,\"eventData\":[],\"dispatchDirection\":false,\"dispatchToComponent\":null,\"extraAttributes\":[],\"icon\":null,\"iconPosition\":\"before\",\"iconSize\":null,\"isOutlined\":false,\"isDisabled\":false,\"label\":\"Download information about the failed rows\",\"shouldClose\":false,\"shouldMarkAsRead\":true,\"shouldMarkAsUnread\":false,\"shouldOpenUrlInNewTab\":true,\"shouldPostToUrl\":false,\"size\":\"sm\",\"tooltip\":null,\"url\":\"\\/filament\\/imports\\/3\\/failed-rows\\/download?authGuard=web&signature=310de8dd507cac8b61b164aabe07fb5dd295b0f05fd42ba2e772b8389e20957e\",\"view\":\"filament::components.link\"}],\"body\":\"Your loc province import has completed and 0 rows imported. 38 rows failed to import.\",\"color\":null,\"duration\":\"persistent\",\"icon\":\"heroicon-o-x-circle\",\"iconColor\":\"danger\",\"status\":\"danger\",\"title\":\"Import completed\",\"view\":null,\"viewData\":[],\"format\":\"filament\"}","read_at":"2026-01-01 12:46:23","created_at":"2026-01-01 12:45:55","updated_at":"2026-01-01 12:46:23"},
{"id":"e3e4eb45-1552-4201-9646-23f2f82b8fc1","type":"Filament\\Notifications\\DatabaseNotification","notifiable_type":"App\\Models\\User","notifiable_id":1,"data":"{\"actions\":[{\"name\":\"downloadFailedRowsCsv\",\"color\":\"danger\",\"event\":null,\"eventData\":[],\"dispatchDirection\":false,\"dispatchToComponent\":null,\"extraAttributes\":[],\"icon\":null,\"iconPosition\":\"before\",\"iconSize\":null,\"isOutlined\":false,\"isDisabled\":false,\"label\":\"Download information about the failed rows\",\"shouldClose\":false,\"shouldMarkAsRead\":true,\"shouldMarkAsUnread\":false,\"shouldOpenUrlInNewTab\":true,\"shouldPostToUrl\":false,\"size\":\"sm\",\"tooltip\":null,\"url\":\"\\/filament\\/imports\\/4\\/failed-rows\\/download?authGuard=web&signature=3d8da0a9702075bd9b775f0103696ec848d6ff35d6c9972f9da6401c595728a7\",\"view\":\"filament::components.link\"}],\"body\":\"Your loc province import has completed and 0 rows imported. 38 rows failed to import.\",\"color\":null,\"duration\":\"persistent\",\"icon\":\"heroicon-o-x-circle\",\"iconColor\":\"danger\",\"status\":\"danger\",\"title\":\"Import completed\",\"view\":null,\"viewData\":[],\"format\":\"filament\"}","read_at":"2026-01-01 13:47:34","created_at":"2026-01-01 13:46:40","updated_at":"2026-01-01 13:47:34"},
{"id":"bcfcf076-95c6-477f-afb5-0cd43c24b659","type":"Filament\\Notifications\\DatabaseNotification","notifiable_type":"App\\Models\\User","notifiable_id":1,"data":"{\"actions\":[],\"body\":\"Your loc province import has completed and 38 rows imported.\",\"color\":null,\"duration\":\"persistent\",\"icon\":\"heroicon-o-check-circle\",\"iconColor\":\"success\",\"status\":\"success\",\"title\":\"Import completed\",\"view\":null,\"viewData\":[],\"format\":\"filament\"}","read_at":null,"created_at":"2026-01-01 13:49:12","updated_at":"2026-01-01 13:49:12"},
{"id":"211a6b5a-f1db-4f4c-8a21-d413b1ecf3aa","type":"Filament\\Notifications\\DatabaseNotification","notifiable_type":"App\\Models\\User","notifiable_id":1,"data":"{\"actions\":[],\"body\":\"Your loc regency import has completed and 514 rows imported.\",\"color\":null,\"duration\":\"persistent\",\"icon\":\"heroicon-o-check-circle\",\"iconColor\":\"success\",\"status\":\"success\",\"title\":\"Import completed\",\"view\":null,\"viewData\":[],\"format\":\"filament\"}","read_at":null,"created_at":"2026-01-03 03:02:25","updated_at":"2026-01-03 03:02:25"}]
