[{"id":1,"created_at":null,"updated_at":null,"name":"Lulus"},
{"id":2,"created_at":null,"updated_at":null,"name":"Mutasi"},
{"id":3,"created_at":null,"updated_at":null,"name":"Dikeluarkan"},
{"id":4,"created_at":null,"updated_at":null,"name":"Mengundurkan Diri"},
{"id":5,"created_at":null,"updated_at":null,"name":"Drop Out"},
{"id":6,"created_at":null,"updated_at":null,"name":"Wafat"},
{"id":7,"created_at":null,"updated_at":null,"name":"Hilang"},
{"id":8,"created_at":null,"updated_at":null,"name":"Lainnya"}]
