[{"id":1,"created_at":null,"updated_at":null,"name":"Magang"},
{"id":2,"created_at":null,"updated_at":null,"name":"Observasi"},
{"id":3,"created_at":null,"updated_at":null,"name":"Pengganti"},
{"id":4,"created_at":null,"updated_at":null,"name":"GTTY/Kontrak"},
{"id":5,"created_at":null,"updated_at":null,"name":"GTY"},
{"id":6,"created_at":null,"updated_at":null,"name":"PPPK"},
{"id":7,"created_at":null,"updated_at":null,"name":"PNS"},
{"id":8,"created_at":null,"updated_at":null,"name":"Lainnya"}]
