[{"id":1,"created_at":null,"updated_at":null,"name":"Unit","fix_unit_type_id":1,"short":"Unit","description":"Digunakan untuk benda tunggal"},
{"id":2,"created_at":null,"updated_at":null,"name":"Buah","fix_unit_type_id":1,"short":"Bh","description":"Umum untuk barang satuan"},
{"id":3,"created_at":null,"updated_at":null,"name":"Batang","fix_unit_type_id":1,"short":"Btg","description":"Untuk benda berbentuk batang seperti besi, kayu"},
{"id":4,"created_at":null,"updated_at":null,"name":"Pasang","fix_unit_type_id":1,"short":"Psg","description":"Untuk barang berpasangan seperti sepatu, sarung tangan"},
{"id":5,"created_at":null,"updated_at":null,"name":"Lusin","fix_unit_type_id":1,"short":"Lusin","description":"Satuan benda berjumlah 12 buah"},
{"id":6,"created_at":null,"updated_at":null,"name":"Gross","fix_unit_type_id":1,"short":"Gross","description":"Satuan benda berjumlah 144 buah (12 lusin)"},
{"id":7,"created_at":null,"updated_at":null,"name":"Gram","fix_unit_type_id":2,"short":"gr","description":"Untuk barang dengan perhitungan berat"},
{"id":8,"created_at":null,"updated_at":null,"name":"Kilogram","fix_unit_type_id":2,"short":"kg","description":"Untuk barang dengan perhitungan berat"},
{"id":9,"created_at":null,"updated_at":null,"name":"Ton","fix_unit_type_id":2,"short":"ton","description":"Untuk barang dengan perhitungan berat"},
{"id":10,"created_at":null,"updated_at":null,"name":"Centimeter","fix_unit_type_id":3,"short":"cm","description":"Untuk barang dengan perhitungan panjang"},
{"id":11,"created_at":null,"updated_at":null,"name":"Meter","fix_unit_type_id":3,"short":"m","description":"Untuk barang dengan perhitungan panjang"},
{"id":12,"created_at":null,"updated_at":null,"name":"Kilometer","fix_unit_type_id":3,"short":"km","description":"Untuk barang dengan perhitungan jarak"},
{"id":13,"created_at":null,"updated_at":null,"name":"Centimeter persegi","fix_unit_type_id":4,"short":"cm²","description":"Untuk barang berukuran luas"},
{"id":14,"created_at":null,"updated_at":null,"name":"Meter persegi","fix_unit_type_id":4,"short":"m²","description":"Untuk barang berukuran luas"},
{"id":15,"created_at":null,"updated_at":null,"name":"Hektar","fix_unit_type_id":4,"short":"ha","description":"Untuk barang berukuran luas"},
{"id":16,"created_at":null,"updated_at":null,"name":"Mililiter","fix_unit_type_id":5,"short":"mL","description":"Untuk bahan cair dengan volume kecil"},
{"id":17,"created_at":null,"updated_at":null,"name":"Liter","fix_unit_type_id":5,"short":"L","description":"Untuk bahan cair dengan volume sedang"},
{"id":18,"created_at":null,"updated_at":null,"name":"Meter kubik","fix_unit_type_id":5,"short":"m³","description":"Untuk bahan cair dengan volume besar"},
{"id":19,"created_at":null,"updated_at":null,"name":"Lembar","fix_unit_type_id":6,"short":"Lbr","description":"Untuk kertas, kain, plat logam"},
{"id":20,"created_at":null,"updated_at":null,"name":"Rim","fix_unit_type_id":6,"short":"Rim","description":"Untuk kertas (500 lembar)"},
{"id":21,"created_at":null,"updated_at":null,"name":"Set","fix_unit_type_id":7,"short":"Set","description":"Untuk satu kesatuan perlengkapan atau alat"},
{"id":22,"created_at":null,"updated_at":null,"name":"Botol","fix_unit_type_id":7,"short":"Btl","description":"Untuk cairan dalam botol"},
{"id":23,"created_at":null,"updated_at":null,"name":"Kaleng","fix_unit_type_id":7,"short":"Klg","description":"Untuk cairan atau bahan padat dalam kaleng"},
{"id":24,"created_at":null,"updated_at":null,"name":"Roll","fix_unit_type_id":7,"short":"Rol","description":"Untuk kabel, pita, kain gulungan"},
{"id":25,"created_at":null,"updated_at":null,"name":"Karung","fix_unit_type_id":7,"short":"Krg","description":"Untuk bahan curah atau padat dalam karung"},
{"id":26,"created_at":null,"updated_at":null,"name":"Pak","fix_unit_type_id":7,"short":"Pak","description":"Untuk barang dalam kemasan pak"},
{"id":27,"created_at":null,"updated_at":null,"name":"Kardus","fix_unit_type_id":7,"short":"Dus","description":"Untuk kemasan kardus"},
{"id":28,"created_at":null,"updated_at":null,"name":"Tabung","fix_unit_type_id":7,"short":"Tbg","description":"Untuk gas atau cairan bertekanan"},
{"id":29,"created_at":null,"updated_at":null,"name":"Bungkus","fix_unit_type_id":7,"short":"Bks","description":"Untuk barang kemasan kecil"},
{"id":30,"created_at":null,"updated_at":null,"name":"Eksemplar","fix_unit_type_id":7,"short":"Eks","description":"Untuk koleksi buku, majalah, koran"},
{"id":31,"created_at":null,"updated_at":null,"name":"Paket","fix_unit_type_id":7,"short":"Pkt","description":"Untuk gabungan barang menjadi satu paket"}]
