[{"id":1,"created_at":null,"updated_at":null,"name":"Islam"},
{"id":2,"created_at":null,"updated_at":null,"name":"Kristen"},
{"id":3,"created_at":null,"updated_at":null,"name":"Katolik"},
{"id":4,"created_at":null,"updated_at":null,"name":"Hindu"},
{"id":5,"created_at":null,"updated_at":null,"name":"Buddha"},
{"id":6,"created_at":null,"updated_at":null,"name":"Khonghucu"},
{"id":7,"created_at":null,"updated_at":null,"name":"Kepercayaan kepada Tuhan YME"},
{"id":8,"created_at":null,"updated_at":null,"name":"Lainnya"}]
