[{"id":1,"name":"ViewAny:Role","guard_name":"web","created_at":"2025-12-20 11:45:58","updated_at":"2025-12-20 11:45:58"},
{"id":2,"name":"View:Role","guard_name":"web","created_at":"2025-12-20 11:45:58","updated_at":"2025-12-20 11:45:58"},
{"id":3,"name":"Create:Role","guard_name":"web","created_at":"2025-12-20 11:45:58","updated_at":"2025-12-20 11:45:58"},
{"id":4,"name":"Update:Role","guard_name":"web","created_at":"2025-12-20 11:45:58","updated_at":"2025-12-20 11:45:58"},
{"id":5,"name":"Delete:Role","guard_name":"web","created_at":"2025-12-20 11:45:58","updated_at":"2025-12-20 11:45:58"},
{"id":6,"name":"Restore:Role","guard_name":"web","created_at":"2025-12-20 11:45:58","updated_at":"2025-12-20 11:45:58"},
{"id":7,"name":"ForceDelete:Role","guard_name":"web","created_at":"2025-12-20 11:45:58","updated_at":"2025-12-20 11:45:58"},
{"id":8,"name":"ForceDeleteAny:Role","guard_name":"web","created_at":"2025-12-20 11:45:58","updated_at":"2025-12-20 11:45:58"},
{"id":9,"name":"RestoreAny:Role","guard_name":"web","created_at":"2025-12-20 11:45:58","updated_at":"2025-12-20 11:45:58"},
{"id":10,"name":"Replicate:Role","guard_name":"web","created_at":"2025-12-20 11:45:58","updated_at":"2025-12-20 11:45:58"},
{"id":11,"name":"Reorder:Role","guard_name":"web","created_at":"2025-12-20 11:45:58","updated_at":"2025-12-20 11:45:58"}]
