[{"id":1,"created_at":null,"updated_at":null,"name":"Orang Tua"},
{"id":2,"created_at":null,"updated_at":null,"name":"Anak"},
{"id":3,"created_at":null,"updated_at":null,"name":"Saudara Kandung"},
{"id":4,"created_at":null,"updated_at":null,"name":"Saudara Tiri"},
{"id":5,"created_at":null,"updated_at":null,"name":"Paman/Bibi"},
{"id":6,"created_at":null,"updated_at":null,"name":"Keponakan"},
{"id":7,"created_at":null,"updated_at":null,"name":"Sepupu"},
{"id":8,"created_at":null,"updated_at":null,"name":"Kakek/Nenek"},
{"id":9,"created_at":null,"updated_at":null,"name":"Cucu"},
{"id":10,"created_at":null,"updated_at":null,"name":"Suami/Istri"},
{"id":11,"created_at":null,"updated_at":null,"name":"Mertua"},
{"id":12,"created_at":null,"updated_at":null,"name":"Menantu"},
{"id":13,"created_at":null,"updated_at":null,"name":"Saudara Ipar"},
{"id":14,"created_at":null,"updated_at":null,"name":"Lainnya"}]
