[{"id":"26c7b536-830d-4c98-8982-aac47b110624","type":"Filament\\Notifications\\DatabaseNotification","notifiable_type":"App\\Models\\User","notifiable_id":1,"data":"{\"actions\":[],\"body\":\"Your loc district import has completed and 7,285 rows imported.\",\"color\":null,\"duration\":\"persistent\",\"icon\":\"heroicon-o-check-circle\",\"iconColor\":\"success\",\"status\":\"success\",\"title\":\"Import completed\",\"view\":null,\"viewData\":[],\"format\":\"filament\"}","read_at":null,"created_at":"2026-01-03 11:22:45","updated_at":"2026-01-03 11:22:45"},
{"id":"6746399d-709f-43ac-9b17-67e68ae4970d","type":"Filament\\Notifications\\DatabaseNotification","notifiable_type":"App\\Models\\User","notifiable_id":1,"data":"{\"actions\":[],\"body\":\"Your loc village import has completed and 83,762 rows imported.\",\"color\":null,\"duration\":\"persistent\",\"icon\":\"heroicon-o-check-circle\",\"iconColor\":\"success\",\"status\":\"success\",\"title\":\"Import completed\",\"view\":null,\"viewData\":[],\"format\":\"filament\"}","read_at":null,"created_at":"2026-01-03 11:29:43","updated_at":"2026-01-03 11:29:43"}]
