[{"id":1,"completed_at":"2026-01-01 03:57:43","file_name":"DATABASES - loc_countries.csv","file_path":"/home/sysadmin/webdev/sifa-new/storage/app/private/livewire-tmp/s3dS3TbWhHmXA8jZEGauDo6gKTrirJ-metaREFUQUJBU0VTIC0gbG9jX2NvdW50cmllcy5jc3Y=-.csv","importer":"App\\Filament\\Imports\\LocCountryImporter","processed_rows":249,"total_rows":249,"successful_rows":249,"user_id":1,"created_at":"2026-01-01 03:57:37","updated_at":"2026-01-01 03:57:43"},
{"id":2,"completed_at":"2026-01-01 10:29:07","file_name":"DATABASES - loc_provinces.csv","file_path":"/home/sysadmin/webdev/sifa-new/storage/app/private/livewire-tmp/tYhQitfcCSjxdSQ92KcXMAISVwY8Og-metaREFUQUJBU0VTIC0gbG9jX3Byb3ZpbmNlcy5jc3Y=-.csv","importer":"App\\Filament\\Imports\\LocProvinceImporter","processed_rows":38,"total_rows":38,"successful_rows":38,"user_id":1,"created_at":"2026-01-01 10:29:04","updated_at":"2026-01-01 10:29:07"}]
