[{"id":"a0bac265-a627-4f20-9fee-487c50ac4bbd","name":"","total_jobs":3,"pending_jobs":0,"failed_jobs":0,"failed_job_ids":"[]","options":"a:2:{s:13:\"allowFailures\";b:1;s:7:\"finally\";a:1:{i:0;O:47:\"Laravel\\SerializableClosure\\SerializableClosure\":1:{s:12:\"serializable\";O:46:\"Laravel\\SerializableClosure\\Serializers\\Signed\":2:{s:12:\"serializable\";s:4369:\"O:46:\"Laravel\\SerializableClosure\\Serializers\\Native\":5:{s:3:\"use\";a:5:{s:9:\"authGuard\";s:3:\"web\";s:9:\"columnMap\";a:18:{s:22:\"country_name_indonesia\";s:22:\"country_name_indonesia\";s:20:\"country_name_english\";s:20:\"country_name_english\";s:12:\"capital_city\";s:12:\"capital_city\";s:9:\"continent\";s:9:\"continent\";s:11:\"region_name\";s:11:\"region_name\";s:14:\"subregion_name\";s:14:\"subregion_name\";s:9:\"fifa_code\";s:9:\"fifa_code\";s:17:\"iso3166_1_alpha_2\";s:17:\"iso3166_1_alpha_2\";s:17:\"iso3166_1_alpha_3\";s:17:\"iso3166_1_alpha_3\";s:17:\"iso3166_1_numeric\";s:17:\"iso3166_1_numeric\";s:9:\"dial_code\";s:9:\"dial_code\";s:21:\"iso4217_currency_name\";s:21:\"iso4217_currency_name\";s:27:\"iso4217_currency_alpha_code\";s:27:\"iso4217_currency_alpha_code\";s:29:\"iso4217_currency_numeric_code\";s:29:\"iso4217_currency_numeric_code\";s:3:\"tld\";s:3:\"tld\";s:10:\"geoname_id\";s:10:\"geoname_id\";s:9:\"wiki_page\";s:9:\"wiki_page\";s:10:\"other_info\";s:10:\"other_info\";}s:6:\"import\";O:45:\"Illuminate\\Contracts\\Database\\ModelIdentifier\":5:{s:5:\"class\";s:38:\"Filament\\Actions\\Imports\\Models\\Import\";s:2:\"id\";i:1;s:9:\"relations\";a:0:{}s:10:\"connection\";s:6:\"sqlite\";s:15:\"collectionClass\";N;}s:13:\"jobConnection\";N;s:7:\"options\";a:0:{}}s:8:\"function\";s:3036:\"function () use ($authGuard, $columnMap, $import, $jobConnection, $options): void {\n                    $import->touch('completed_at');\n\n                    event(new \\Filament\\Actions\\Imports\\Events\\ImportCompleted($import, $columnMap, $options));\n\n                    if (! $import->user instanceof \\Illuminate\\Contracts\\Auth\\Authenticatable) { /** @phpstan-ignore instanceof.alwaysTrue */\n                        return;\n                    }\n\n                    $failedRowsCount = $import->getFailedRowsCount();\n\n                    \\Filament\\Notifications\\Notification::make()\n                        ->title($import->importer::getCompletedNotificationTitle($import))\n                        ->body($import->importer::getCompletedNotificationBody($import))\n                        ->when(\n                            ! $failedRowsCount,\n                            fn (\\Filament\\Notifications\\Notification $notification) => $notification->success(),\n                        )\n                        ->when(\n                            $failedRowsCount && ($failedRowsCount < $import->total_rows),\n                            fn (\\Filament\\Notifications\\Notification $notification) => $notification->warning(),\n                        )\n                        ->when(\n                            $failedRowsCount === $import->total_rows,\n                            fn (\\Filament\\Notifications\\Notification $notification) => $notification->danger(),\n                        )\n                        ->when(\n                            $failedRowsCount,\n                            fn (\\Filament\\Notifications\\Notification $notification) => $notification->actions([\n                                \\Filament\\Actions\\Action::make('downloadFailedRowsCsv')\n                                    ->label(trans_choice('filament-actions::import.notifications.completed.actions.download_failed_rows_csv.label', $failedRowsCount, [\n                                        'count' => \\Illuminate\\Support\\Number::format($failedRowsCount),\n                                    ]))\n                                    ->color('danger')\n                                    ->url(\\Illuminate\\Support\\Facades\\URL::signedRoute('filament.imports.failed-rows.download', ['authGuard' => $authGuard, 'import' => $import], absolute: false), shouldOpenInNewTab: true)\n                                    ->markAsRead(),\n                            ]),\n                        )\n                        ->when(\n                            ($jobConnection === 'sync') ||\n                            (blank($jobConnection) && (config('queue.default') === 'sync')),\n                            fn (\\Filament\\Notifications\\Notification $notification) => $notification\n                                ->persistent()\n                                ->send(),\n                            fn (\\Filament\\Notifications\\Notification $notification) => $notification->sendToDatabase($import->user, isEventDispatched: true),\n                        );\n                }\";s:5:\"scope\";s:29:\"Filament\\Actions\\ImportAction\";s:4:\"this\";N;s:4:\"self\";s:32:\"0000000000000cb80000000000000000\";}\";s:4:\"hash\";s:44:\"ZGG7VRnA6mTw1jf9rykBO7tVw8Ga9hUPLq72YcdqmYo=\";}}}}","cancelled_at":null,"created_at":1767239858,"finished_at":1767239863},
{"id":"a0bb4e63-2280-44cf-b1bf-b5ba22914cad","name":"","total_jobs":1,"pending_jobs":0,"failed_jobs":0,"failed_job_ids":"[]","options":"a:2:{s:13:\"allowFailures\";b:1;s:7:\"finally\";a:1:{i:0;O:47:\"Laravel\\SerializableClosure\\SerializableClosure\":1:{s:12:\"serializable\";O:46:\"Laravel\\SerializableClosure\\Serializers\\Signed\":2:{s:12:\"serializable\";s:3640:\"O:46:\"Laravel\\SerializableClosure\\Serializers\\Native\":5:{s:3:\"use\";a:5:{s:9:\"authGuard\";s:3:\"web\";s:9:\"columnMap\";a:2:{s:13:\"province_name\";s:13:\"province_name\";s:10:\"locCountry\";s:14:\"loc_country_id\";}s:6:\"import\";O:45:\"Illuminate\\Contracts\\Database\\ModelIdentifier\":5:{s:5:\"class\";s:38:\"Filament\\Actions\\Imports\\Models\\Import\";s:2:\"id\";i:2;s:9:\"relations\";a:0:{}s:10:\"connection\";s:6:\"sqlite\";s:15:\"collectionClass\";N;}s:13:\"jobConnection\";N;s:7:\"options\";a:0:{}}s:8:\"function\";s:3036:\"function () use ($authGuard, $columnMap, $import, $jobConnection, $options): void {\n                    $import->touch('completed_at');\n\n                    event(new \\Filament\\Actions\\Imports\\Events\\ImportCompleted($import, $columnMap, $options));\n\n                    if (! $import->user instanceof \\Illuminate\\Contracts\\Auth\\Authenticatable) { /** @phpstan-ignore instanceof.alwaysTrue */\n                        return;\n                    }\n\n                    $failedRowsCount = $import->getFailedRowsCount();\n\n                    \\Filament\\Notifications\\Notification::make()\n                        ->title($import->importer::getCompletedNotificationTitle($import))\n                        ->body($import->importer::getCompletedNotificationBody($import))\n                        ->when(\n                            ! $failedRowsCount,\n                            fn (\\Filament\\Notifications\\Notification $notification) => $notification->success(),\n                        )\n                        ->when(\n                            $failedRowsCount && ($failedRowsCount < $import->total_rows),\n                            fn (\\Filament\\Notifications\\Notification $notification) => $notification->warning(),\n                        )\n                        ->when(\n                            $failedRowsCount === $import->total_rows,\n                            fn (\\Filament\\Notifications\\Notification $notification) => $notification->danger(),\n                        )\n                        ->when(\n                            $failedRowsCount,\n                            fn (\\Filament\\Notifications\\Notification $notification) => $notification->actions([\n                                \\Filament\\Actions\\Action::make('downloadFailedRowsCsv')\n                                    ->label(trans_choice('filament-actions::import.notifications.completed.actions.download_failed_rows_csv.label', $failedRowsCount, [\n                                        'count' => \\Illuminate\\Support\\Number::format($failedRowsCount),\n                                    ]))\n                                    ->color('danger')\n                                    ->url(\\Illuminate\\Support\\Facades\\URL::signedRoute('filament.imports.failed-rows.download', ['authGuard' => $authGuard, 'import' => $import], absolute: false), shouldOpenInNewTab: true)\n                                    ->markAsRead(),\n                            ]),\n                        )\n                        ->when(\n                            ($jobConnection === 'sync') ||\n                            (blank($jobConnection) && (config('queue.default') === 'sync')),\n                            fn (\\Filament\\Notifications\\Notification $notification) => $notification\n                                ->persistent()\n                                ->send(),\n                            fn (\\Filament\\Notifications\\Notification $notification) => $notification->sendToDatabase($import->user, isEventDispatched: true),\n                        );\n                }\";s:5:\"scope\";s:29:\"Filament\\Actions\\ImportAction\";s:4:\"this\";N;s:4:\"self\";s:32:\"0000000000000a650000000000000000\";}\";s:4:\"hash\";s:44:\"rfeXbMCv9Lo/8nhrww/I/gM5RFe7n36WH1v2Wrvydrw=\";}}}}","cancelled_at":null,"created_at":1767263344,"finished_at":1767263347}]
