[{"id":1,"created_at":"2026-01-01 10:29:06","updated_at":"2026-01-01 10:29:06","province_name":"Aceh","loc_country_id":107},
{"id":2,"created_at":"2026-01-01 10:29:06","updated_at":"2026-01-01 10:29:06","province_name":"Sumatera Utara","loc_country_id":107},
{"id":3,"created_at":"2026-01-01 10:29:06","updated_at":"2026-01-01 10:29:06","province_name":"Sumatera Barat","loc_country_id":107},
{"id":4,"created_at":"2026-01-01 10:29:06","updated_at":"2026-01-01 10:29:06","province_name":"Riau","loc_country_id":107},
{"id":5,"created_at":"2026-01-01 10:29:06","updated_at":"2026-01-01 10:29:06","province_name":"Jambi","loc_country_id":107},
{"id":6,"created_at":"2026-01-01 10:29:06","updated_at":"2026-01-01 10:29:06","province_name":"Sumatera Selatan","loc_country_id":107},
{"id":7,"created_at":"2026-01-01 10:29:06","updated_at":"2026-01-01 10:29:06","province_name":"Bengkulu","loc_country_id":107},
{"id":8,"created_at":"2026-01-01 10:29:06","updated_at":"2026-01-01 10:29:06","province_name":"Lampung","loc_country_id":107},
{"id":9,"created_at":"2026-01-01 10:29:06","updated_at":"2026-01-01 10:29:06","province_name":"Kepulauan Bangka Belitung","loc_country_id":107},
{"id":10,"created_at":"2026-01-01 10:29:06","updated_at":"2026-01-01 10:29:06","province_name":"Kepulauan Riau","loc_country_id":107},
{"id":11,"created_at":"2026-01-01 10:29:06","updated_at":"2026-01-01 10:29:06","province_name":"Daerah Khusus Ibukota Jakarta","loc_country_id":107},
{"id":12,"created_at":"2026-01-01 10:29:06","updated_at":"2026-01-01 10:29:06","province_name":"Jawa Barat","loc_country_id":107},
{"id":13,"created_at":"2026-01-01 10:29:06","updated_at":"2026-01-01 10:29:06","province_name":"Jawa Tengah","loc_country_id":107},
{"id":14,"created_at":"2026-01-01 10:29:06","updated_at":"2026-01-01 10:29:06","province_name":"Daerah Istimewa Yogyakarta","loc_country_id":107},
{"id":15,"created_at":"2026-01-01 10:29:06","updated_at":"2026-01-01 10:29:06","province_name":"Jawa Timur","loc_country_id":107},
{"id":16,"created_at":"2026-01-01 10:29:06","updated_at":"2026-01-01 10:29:06","province_name":"Banten","loc_country_id":107},
{"id":17,"created_at":"2026-01-01 10:29:06","updated_at":"2026-01-01 10:29:06","province_name":"Bali","loc_country_id":107},
{"id":18,"created_at":"2026-01-01 10:29:06","updated_at":"2026-01-01 10:29:06","province_name":"Nusa Tenggara Barat","loc_country_id":107},
{"id":19,"created_at":"2026-01-01 10:29:06","updated_at":"2026-01-01 10:29:06","province_name":"Nusa Tenggara Timur","loc_country_id":107},
{"id":20,"created_at":"2026-01-01 10:29:06","updated_at":"2026-01-01 10:29:06","province_name":"Kalimantan Barat","loc_country_id":107},
{"id":21,"created_at":"2026-01-01 10:29:06","updated_at":"2026-01-01 10:29:06","province_name":"Kalimantan Tengah","loc_country_id":107},
{"id":22,"created_at":"2026-01-01 10:29:06","updated_at":"2026-01-01 10:29:06","province_name":"Kalimantan Selatan","loc_country_id":107},
{"id":23,"created_at":"2026-01-01 10:29:06","updated_at":"2026-01-01 10:29:06","province_name":"Kalimantan Timur","loc_country_id":107},
{"id":24,"created_at":"2026-01-01 10:29:06","updated_at":"2026-01-01 10:29:06","province_name":"Kalimantan Utara","loc_country_id":107},
{"id":25,"created_at":"2026-01-01 10:29:06","updated_at":"2026-01-01 10:29:06","province_name":"Sulawesi Utara","loc_country_id":107},
{"id":26,"created_at":"2026-01-01 10:29:06","updated_at":"2026-01-01 10:29:06","province_name":"Sulawesi Tengah","loc_country_id":107},
{"id":27,"created_at":"2026-01-01 10:29:06","updated_at":"2026-01-01 10:29:06","province_name":"Sulawesi Selatan","loc_country_id":107},
{"id":28,"created_at":"2026-01-01 10:29:07","updated_at":"2026-01-01 10:29:07","province_name":"Sulawesi Tenggara","loc_country_id":107},
{"id":29,"created_at":"2026-01-01 10:29:07","updated_at":"2026-01-01 10:29:07","province_name":"Gorontalo","loc_country_id":107},
{"id":30,"created_at":"2026-01-01 10:29:07","updated_at":"2026-01-01 10:29:07","province_name":"Sulawesi Barat","loc_country_id":107},
{"id":31,"created_at":"2026-01-01 10:29:07","updated_at":"2026-01-01 10:29:07","province_name":"Maluku","loc_country_id":107},
{"id":32,"created_at":"2026-01-01 10:29:07","updated_at":"2026-01-01 10:29:07","province_name":"Maluku Utara","loc_country_id":107},
{"id":33,"created_at":"2026-01-01 10:29:07","updated_at":"2026-01-01 10:29:07","province_name":"Papua","loc_country_id":107},
{"id":34,"created_at":"2026-01-01 10:29:07","updated_at":"2026-01-01 10:29:07","province_name":"Papua Barat","loc_country_id":107},
{"id":35,"created_at":"2026-01-01 10:29:07","updated_at":"2026-01-01 10:29:07","province_name":"Papua Selatan","loc_country_id":107},
{"id":36,"created_at":"2026-01-01 10:29:07","updated_at":"2026-01-01 10:29:07","province_name":"Papua Tengah","loc_country_id":107},
{"id":37,"created_at":"2026-01-01 10:29:07","updated_at":"2026-01-01 10:29:07","province_name":"Papua Pegunungan","loc_country_id":107},
{"id":38,"created_at":"2026-01-01 10:29:07","updated_at":"2026-01-01 10:29:07","province_name":"Papua Barat Daya","loc_country_id":107}]
