[{"id":"d76fdbfd-adb3-441f-8d0a-087c67f99265","type":"Filament\\Notifications\\DatabaseNotification","notifiable_type":"App\\Models\\User","notifiable_id":1,"data":"{\"actions\":[],\"body\":\"Your loc country import has completed and 249 rows imported.\",\"color\":null,\"duration\":\"persistent\",\"icon\":\"heroicon-o-check-circle\",\"iconColor\":\"success\",\"status\":\"success\",\"title\":\"Import completed\",\"view\":null,\"viewData\":[],\"format\":\"filament\"}","read_at":null,"created_at":"2026-01-01 03:57:44","updated_at":"2026-01-01 03:57:44"},
{"id":"76c45379-d232-45f2-a0da-bb8624a044d7","type":"Filament\\Notifications\\DatabaseNotification","notifiable_type":"App\\Models\\User","notifiable_id":1,"data":"{\"actions\":[],\"body\":\"Your loc province import has completed and 38 rows imported.\",\"color\":null,\"duration\":\"persistent\",\"icon\":\"heroicon-o-check-circle\",\"iconColor\":\"success\",\"status\":\"success\",\"title\":\"Import completed\",\"view\":null,\"viewData\":[],\"format\":\"filament\"}","read_at":null,"created_at":"2026-01-01 10:29:07","updated_at":"2026-01-01 10:29:07"}]
