[{"id":1,"log_name":"default","description":"created","subject_type":"App\\Models\\RefBranch","subject_id":1,"causer_type":"App\\Models\\User","causer_id":1,"properties":"{\"attributes\":{\"id\":1,\"created_at\":\"2026-01-04T04:37:52.000000Z\",\"updated_at\":\"2026-01-04T04:37:52.000000Z\",\"location\":\"Baturaja\",\"name\":\"SIT Fathona Baturaja\",\"alphabet_code\":\"BTA\",\"numeric_code\":\"1\",\"street_address\":\"Jl. Nawawi Al-Hajj, Jembatan Ogan IV\",\"loc_district_id\":160114,\"loc_village_id\":1601142008,\"phone\":null,\"email\":\"sitfathonabta@gmail.com\",\"website\":null,\"is_active\":1}}","created_at":"2026-01-04 04:37:52","updated_at":"2026-01-04 04:37:52","event":"created","batch_uuid":null},
{"id":2,"log_name":"default","description":"created","subject_type":"App\\Models\\RefBranch","subject_id":2,"causer_type":"App\\Models\\User","causer_id":1,"properties":"{\"attributes\":{\"id\":2,\"created_at\":\"2026-01-04T04:37:52.000000Z\",\"updated_at\":\"2026-01-04T04:37:52.000000Z\",\"location\":\"Maskarebet\",\"name\":\"SIT Fathona Maskarebet\",\"alphabet_code\":\"MSK\",\"numeric_code\":\"2\",\"street_address\":\"Jl. Jepang RT. 36 RW. 11\",\"loc_district_id\":167115,\"loc_village_id\":1671151004,\"phone\":null,\"email\":\"sitfathonaplg@gmail.com\",\"website\":null,\"is_active\":1}}","created_at":"2026-01-04 04:37:52","updated_at":"2026-01-04 04:37:52","event":"created","batch_uuid":null},
{"id":3,"log_name":"default","description":"created","subject_type":"App\\Models\\RefBranch","subject_id":3,"causer_type":"App\\Models\\User","causer_id":1,"properties":"{\"attributes\":{\"id\":3,\"created_at\":\"2026-01-04T04:37:52.000000Z\",\"updated_at\":\"2026-01-04T04:37:52.000000Z\",\"location\":\"Prabumulih\",\"name\":\"SIT Fathona Prabumulih\",\"alphabet_code\":\"PBM\",\"numeric_code\":\"3\",\"street_address\":\"Jl. Sumatera Lrg. Mangga RT. 08 RW. 04\",\"loc_district_id\":167402,\"loc_village_id\":1674021007,\"phone\":null,\"email\":\"sitfathonapbm@gmail.com\",\"website\":null,\"is_active\":1}}","created_at":"2026-01-04 04:37:52","updated_at":"2026-01-04 04:37:52","event":"created","batch_uuid":null},
{"id":4,"log_name":"default","description":"created","subject_type":"App\\Models\\RefBranch","subject_id":4,"causer_type":"App\\Models\\User","causer_id":1,"properties":"{\"attributes\":{\"id\":4,\"created_at\":\"2026-01-04T04:37:52.000000Z\",\"updated_at\":\"2026-01-04T04:37:52.000000Z\",\"location\":\"Lemabang\",\"name\":\"SIT Fathona Lemabang\",\"alphabet_code\":\"LMB\",\"numeric_code\":\"4\",\"street_address\":\"Jl. Ratu Sianum, Ruko Blok A1, Lemabang\",\"loc_district_id\":167106,\"loc_village_id\":1671061006,\"phone\":null,\"email\":\"sitfathonalmb@gmail.com\",\"website\":null,\"is_active\":1}}","created_at":"2026-01-04 04:37:52","updated_at":"2026-01-04 04:37:52","event":"created","batch_uuid":null},
{"id":5,"log_name":"default","description":"created","subject_type":"App\\Models\\RefBranch","subject_id":5,"causer_type":"App\\Models\\User","causer_id":1,"properties":"{\"attributes\":{\"id\":5,\"created_at\":\"2026-01-04T04:37:52.000000Z\",\"updated_at\":\"2026-01-04T04:37:52.000000Z\",\"location\":\"Pakjo\",\"name\":\"SIT Fathona Pakjo\",\"alphabet_code\":\"PKJ\",\"numeric_code\":\"5\",\"street_address\":\"Jl. Inspektur Marzuki No. 124, Pakjo\",\"loc_district_id\":167104,\"loc_village_id\":1671041004,\"phone\":null,\"email\":\"sitfathonapakjo@gmail.com\",\"website\":null,\"is_active\":1}}","created_at":"2026-01-04 04:37:52","updated_at":"2026-01-04 04:37:52","event":"created","batch_uuid":null},
{"id":6,"log_name":"default","description":"created","subject_type":"App\\Models\\RefBranch","subject_id":6,"causer_type":"App\\Models\\User","causer_id":1,"properties":"{\"attributes\":{\"id\":6,\"created_at\":\"2026-01-04T04:37:52.000000Z\",\"updated_at\":\"2026-01-04T04:37:52.000000Z\",\"location\":\"Lubuklinggau\",\"name\":\"SIT Fathona Lubuklinggau\",\"alphabet_code\":\"LLG\",\"numeric_code\":\"6\",\"street_address\":\"Jl. Yos Sudarso No. 8 AB\",\"loc_district_id\":167301,\"loc_village_id\":1673011007,\"phone\":null,\"email\":\"sitafthonallg@gmail.com\",\"website\":null,\"is_active\":1}}","created_at":"2026-01-04 04:37:52","updated_at":"2026-01-04 04:37:52","event":"created","batch_uuid":null},
{"id":7,"log_name":"default","description":"created","subject_type":"App\\Models\\RefBranch","subject_id":7,"causer_type":"App\\Models\\User","causer_id":1,"properties":"{\"attributes\":{\"id\":7,\"created_at\":\"2026-01-04T04:37:52.000000Z\",\"updated_at\":\"2026-01-04T04:37:52.000000Z\",\"location\":\"Depok\",\"name\":\"SIT Fathona Depok\",\"alphabet_code\":\"DPK\",\"numeric_code\":\"7\",\"street_address\":\"Jl. Putri Tunggal No. 72\",\"loc_district_id\":327602,\"loc_village_id\":3276021007,\"phone\":null,\"email\":\"sitfathonadepok@gmail.com\",\"website\":null,\"is_active\":1}}","created_at":"2026-01-04 04:37:52","updated_at":"2026-01-04 04:37:52","event":"created","batch_uuid":null},
{"id":8,"log_name":"default","description":"created","subject_type":"App\\Models\\RefBranch","subject_id":8,"causer_type":"App\\Models\\User","causer_id":1,"properties":"{\"attributes\":{\"id\":8,\"created_at\":\"2026-01-04T04:37:52.000000Z\",\"updated_at\":\"2026-01-04T04:37:52.000000Z\",\"location\":\"Muara Enim\",\"name\":\"SIT Fathona Muara Enim\",\"alphabet_code\":\"MEN\",\"numeric_code\":\"8\",\"street_address\":\"Jl. Kol. H. Burlian No. 116, RT. 02 RW. 04\",\"loc_district_id\":160302,\"loc_village_id\":1603021008,\"phone\":null,\"email\":\"sitfathonamuaraenim@gmail.com\",\"website\":null,\"is_active\":1}}","created_at":"2026-01-04 04:37:52","updated_at":"2026-01-04 04:37:52","event":"created","batch_uuid":null},
{"id":9,"log_name":"default","description":"created","subject_type":"App\\Models\\RefBranch","subject_id":9,"causer_type":"App\\Models\\User","causer_id":1,"properties":"{\"attributes\":{\"id\":9,\"created_at\":\"2026-01-04T04:37:52.000000Z\",\"updated_at\":\"2026-01-04T04:37:52.000000Z\",\"location\":\"KM 14\",\"name\":\"SIT Fathona KM 14\",\"alphabet_code\":\"K14\",\"numeric_code\":\"9\",\"street_address\":\"Jl. Palembang - Betung KM 14\",\"loc_district_id\":160710,\"loc_village_id\":1607101024,\"phone\":null,\"email\":\"sitfathonakm14@gmail.com\",\"website\":null,\"is_active\":1}}","created_at":"2026-01-04 04:37:52","updated_at":"2026-01-04 04:37:52","event":"created","batch_uuid":null},
{"id":10,"log_name":"default","description":"created","subject_type":"App\\Models\\RefBranch","subject_id":10,"causer_type":"App\\Models\\User","causer_id":1,"properties":"{\"attributes\":{\"id\":10,\"created_at\":\"2026-01-04T04:37:52.000000Z\",\"updated_at\":\"2026-01-04T04:37:52.000000Z\",\"location\":\"Jakabaring\",\"name\":\"SIT Fathona Jakabaring\",\"alphabet_code\":\"JKB\",\"numeric_code\":\"10\",\"street_address\":\"Jl. Tegal Binangun\",\"loc_district_id\":167114,\"loc_village_id\":1671141002,\"phone\":null,\"email\":\"sitfathonajakabaringofficial@gmail.com\",\"website\":null,\"is_active\":1}}","created_at":"2026-01-04 04:37:52","updated_at":"2026-01-04 04:37:52","event":"created","batch_uuid":null},
{"id":11,"log_name":"default","description":"updated","subject_type":"App\\Models\\RefBranch","subject_id":1,"causer_type":"App\\Models\\User","causer_id":1,"properties":"{\"attributes\":{\"id\":1,\"created_at\":\"2026-01-04T04:37:52.000000Z\",\"updated_at\":\"2026-01-04T04:45:35.000000Z\",\"location\":\"Baturaja\",\"name\":\"SIT Fathona Baturaja\",\"alphabet_code\":\"BTA\",\"numeric_code\":\"01\",\"street_address\":\"Jl. Nawawi Al-Hajj, Jembatan Ogan IV\",\"loc_district_id\":160114,\"loc_village_id\":1601142008,\"phone\":null,\"email\":\"sitfathonabta@gmail.com\",\"website\":null,\"is_active\":1},\"old\":{\"id\":1,\"created_at\":\"2026-01-04T04:37:52.000000Z\",\"updated_at\":\"2026-01-04T04:37:52.000000Z\",\"location\":\"Baturaja\",\"name\":\"SIT Fathona Baturaja\",\"alphabet_code\":\"BTA\",\"numeric_code\":\"1\",\"street_address\":\"Jl. Nawawi Al-Hajj, Jembatan Ogan IV\",\"loc_district_id\":160114,\"loc_village_id\":1601142008,\"phone\":null,\"email\":\"sitfathonabta@gmail.com\",\"website\":null,\"is_active\":1}}","created_at":"2026-01-04 04:45:35","updated_at":"2026-01-04 04:45:35","event":"updated","batch_uuid":null},
{"id":12,"log_name":"default","description":"updated","subject_type":"App\\Models\\RefBranch","subject_id":2,"causer_type":"App\\Models\\User","causer_id":1,"properties":"{\"attributes\":{\"id\":2,\"created_at\":\"2026-01-04T04:37:52.000000Z\",\"updated_at\":\"2026-01-04T04:45:35.000000Z\",\"location\":\"Maskarebet\",\"name\":\"SIT Fathona Maskarebet\",\"alphabet_code\":\"MSK\",\"numeric_code\":\"02\",\"street_address\":\"Jl. Jepang RT. 36 RW. 11\",\"loc_district_id\":167115,\"loc_village_id\":1671151004,\"phone\":null,\"email\":\"sitfathonaplg@gmail.com\",\"website\":null,\"is_active\":1},\"old\":{\"id\":2,\"created_at\":\"2026-01-04T04:37:52.000000Z\",\"updated_at\":\"2026-01-04T04:37:52.000000Z\",\"location\":\"Maskarebet\",\"name\":\"SIT Fathona Maskarebet\",\"alphabet_code\":\"MSK\",\"numeric_code\":\"2\",\"street_address\":\"Jl. Jepang RT. 36 RW. 11\",\"loc_district_id\":167115,\"loc_village_id\":1671151004,\"phone\":null,\"email\":\"sitfathonaplg@gmail.com\",\"website\":null,\"is_active\":1}}","created_at":"2026-01-04 04:45:35","updated_at":"2026-01-04 04:45:35","event":"updated","batch_uuid":null},
{"id":13,"log_name":"default","description":"updated","subject_type":"App\\Models\\RefBranch","subject_id":3,"causer_type":"App\\Models\\User","causer_id":1,"properties":"{\"attributes\":{\"id\":3,\"created_at\":\"2026-01-04T04:37:52.000000Z\",\"updated_at\":\"2026-01-04T04:45:35.000000Z\",\"location\":\"Prabumulih\",\"name\":\"SIT Fathona Prabumulih\",\"alphabet_code\":\"PBM\",\"numeric_code\":\"03\",\"street_address\":\"Jl. Sumatera Lrg. Mangga RT. 08 RW. 04\",\"loc_district_id\":167402,\"loc_village_id\":1674021007,\"phone\":null,\"email\":\"sitfathonapbm@gmail.com\",\"website\":null,\"is_active\":1},\"old\":{\"id\":3,\"created_at\":\"2026-01-04T04:37:52.000000Z\",\"updated_at\":\"2026-01-04T04:37:52.000000Z\",\"location\":\"Prabumulih\",\"name\":\"SIT Fathona Prabumulih\",\"alphabet_code\":\"PBM\",\"numeric_code\":\"3\",\"street_address\":\"Jl. Sumatera Lrg. Mangga RT. 08 RW. 04\",\"loc_district_id\":167402,\"loc_village_id\":1674021007,\"phone\":null,\"email\":\"sitfathonapbm@gmail.com\",\"website\":null,\"is_active\":1}}","created_at":"2026-01-04 04:45:35","updated_at":"2026-01-04 04:45:35","event":"updated","batch_uuid":null},
{"id":14,"log_name":"default","description":"updated","subject_type":"App\\Models\\RefBranch","subject_id":4,"causer_type":"App\\Models\\User","causer_id":1,"properties":"{\"attributes\":{\"id\":4,\"created_at\":\"2026-01-04T04:37:52.000000Z\",\"updated_at\":\"2026-01-04T04:45:35.000000Z\",\"location\":\"Lemabang\",\"name\":\"SIT Fathona Lemabang\",\"alphabet_code\":\"LMB\",\"numeric_code\":\"04\",\"street_address\":\"Jl. Ratu Sianum, Ruko Blok A1, Lemabang\",\"loc_district_id\":167106,\"loc_village_id\":1671061006,\"phone\":null,\"email\":\"sitfathonalmb@gmail.com\",\"website\":null,\"is_active\":1},\"old\":{\"id\":4,\"created_at\":\"2026-01-04T04:37:52.000000Z\",\"updated_at\":\"2026-01-04T04:37:52.000000Z\",\"location\":\"Lemabang\",\"name\":\"SIT Fathona Lemabang\",\"alphabet_code\":\"LMB\",\"numeric_code\":\"4\",\"street_address\":\"Jl. Ratu Sianum, Ruko Blok A1, Lemabang\",\"loc_district_id\":167106,\"loc_village_id\":1671061006,\"phone\":null,\"email\":\"sitfathonalmb@gmail.com\",\"website\":null,\"is_active\":1}}","created_at":"2026-01-04 04:45:35","updated_at":"2026-01-04 04:45:35","event":"updated","batch_uuid":null},
{"id":15,"log_name":"default","description":"updated","subject_type":"App\\Models\\RefBranch","subject_id":5,"causer_type":"App\\Models\\User","causer_id":1,"properties":"{\"attributes\":{\"id\":5,\"created_at\":\"2026-01-04T04:37:52.000000Z\",\"updated_at\":\"2026-01-04T04:45:35.000000Z\",\"location\":\"Pakjo\",\"name\":\"SIT Fathona Pakjo\",\"alphabet_code\":\"PKJ\",\"numeric_code\":\"05\",\"street_address\":\"Jl. Inspektur Marzuki No. 124, Pakjo\",\"loc_district_id\":167104,\"loc_village_id\":1671041004,\"phone\":null,\"email\":\"sitfathonapakjo@gmail.com\",\"website\":null,\"is_active\":1},\"old\":{\"id\":5,\"created_at\":\"2026-01-04T04:37:52.000000Z\",\"updated_at\":\"2026-01-04T04:37:52.000000Z\",\"location\":\"Pakjo\",\"name\":\"SIT Fathona Pakjo\",\"alphabet_code\":\"PKJ\",\"numeric_code\":\"5\",\"street_address\":\"Jl. Inspektur Marzuki No. 124, Pakjo\",\"loc_district_id\":167104,\"loc_village_id\":1671041004,\"phone\":null,\"email\":\"sitfathonapakjo@gmail.com\",\"website\":null,\"is_active\":1}}","created_at":"2026-01-04 04:45:35","updated_at":"2026-01-04 04:45:35","event":"updated","batch_uuid":null},
{"id":16,"log_name":"default","description":"updated","subject_type":"App\\Models\\RefBranch","subject_id":6,"causer_type":"App\\Models\\User","causer_id":1,"properties":"{\"attributes\":{\"id\":6,\"created_at\":\"2026-01-04T04:37:52.000000Z\",\"updated_at\":\"2026-01-04T04:45:35.000000Z\",\"location\":\"Lubuklinggau\",\"name\":\"SIT Fathona Lubuklinggau\",\"alphabet_code\":\"LLG\",\"numeric_code\":\"06\",\"street_address\":\"Jl. Yos Sudarso No. 8 AB\",\"loc_district_id\":167301,\"loc_village_id\":1673011007,\"phone\":null,\"email\":\"sitafthonallg@gmail.com\",\"website\":null,\"is_active\":1},\"old\":{\"id\":6,\"created_at\":\"2026-01-04T04:37:52.000000Z\",\"updated_at\":\"2026-01-04T04:37:52.000000Z\",\"location\":\"Lubuklinggau\",\"name\":\"SIT Fathona Lubuklinggau\",\"alphabet_code\":\"LLG\",\"numeric_code\":\"6\",\"street_address\":\"Jl. Yos Sudarso No. 8 AB\",\"loc_district_id\":167301,\"loc_village_id\":1673011007,\"phone\":null,\"email\":\"sitafthonallg@gmail.com\",\"website\":null,\"is_active\":1}}","created_at":"2026-01-04 04:45:35","updated_at":"2026-01-04 04:45:35","event":"updated","batch_uuid":null},
{"id":17,"log_name":"default","description":"updated","subject_type":"App\\Models\\RefBranch","subject_id":7,"causer_type":"App\\Models\\User","causer_id":1,"properties":"{\"attributes\":{\"id\":7,\"created_at\":\"2026-01-04T04:37:52.000000Z\",\"updated_at\":\"2026-01-04T04:45:35.000000Z\",\"location\":\"Depok\",\"name\":\"SIT Fathona Depok\",\"alphabet_code\":\"DPK\",\"numeric_code\":\"07\",\"street_address\":\"Jl. Putri Tunggal No. 72\",\"loc_district_id\":327602,\"loc_village_id\":3276021007,\"phone\":null,\"email\":\"sitfathonadepok@gmail.com\",\"website\":null,\"is_active\":1},\"old\":{\"id\":7,\"created_at\":\"2026-01-04T04:37:52.000000Z\",\"updated_at\":\"2026-01-04T04:37:52.000000Z\",\"location\":\"Depok\",\"name\":\"SIT Fathona Depok\",\"alphabet_code\":\"DPK\",\"numeric_code\":\"7\",\"street_address\":\"Jl. Putri Tunggal No. 72\",\"loc_district_id\":327602,\"loc_village_id\":3276021007,\"phone\":null,\"email\":\"sitfathonadepok@gmail.com\",\"website\":null,\"is_active\":1}}","created_at":"2026-01-04 04:45:35","updated_at":"2026-01-04 04:45:35","event":"updated","batch_uuid":null},
{"id":18,"log_name":"default","description":"updated","subject_type":"App\\Models\\RefBranch","subject_id":8,"causer_type":"App\\Models\\User","causer_id":1,"properties":"{\"attributes\":{\"id\":8,\"created_at\":\"2026-01-04T04:37:52.000000Z\",\"updated_at\":\"2026-01-04T04:45:35.000000Z\",\"location\":\"Muara Enim\",\"name\":\"SIT Fathona Muara Enim\",\"alphabet_code\":\"MEN\",\"numeric_code\":\"08\",\"street_address\":\"Jl. Kol. H. Burlian No. 116, RT. 02 RW. 04\",\"loc_district_id\":160302,\"loc_village_id\":1603021008,\"phone\":null,\"email\":\"sitfathonamuaraenim@gmail.com\",\"website\":null,\"is_active\":1},\"old\":{\"id\":8,\"created_at\":\"2026-01-04T04:37:52.000000Z\",\"updated_at\":\"2026-01-04T04:37:52.000000Z\",\"location\":\"Muara Enim\",\"name\":\"SIT Fathona Muara Enim\",\"alphabet_code\":\"MEN\",\"numeric_code\":\"8\",\"street_address\":\"Jl. Kol. H. Burlian No. 116, RT. 02 RW. 04\",\"loc_district_id\":160302,\"loc_village_id\":1603021008,\"phone\":null,\"email\":\"sitfathonamuaraenim@gmail.com\",\"website\":null,\"is_active\":1}}","created_at":"2026-01-04 04:45:35","updated_at":"2026-01-04 04:45:35","event":"updated","batch_uuid":null},
{"id":19,"log_name":"default","description":"updated","subject_type":"App\\Models\\RefBranch","subject_id":9,"causer_type":"App\\Models\\User","causer_id":1,"properties":"{\"attributes\":{\"id\":9,\"created_at\":\"2026-01-04T04:37:52.000000Z\",\"updated_at\":\"2026-01-04T04:45:35.000000Z\",\"location\":\"KM 14\",\"name\":\"SIT Fathona KM 14\",\"alphabet_code\":\"K14\",\"numeric_code\":\"09\",\"street_address\":\"Jl. Palembang - Betung KM 14\",\"loc_district_id\":160710,\"loc_village_id\":1607101024,\"phone\":null,\"email\":\"sitfathonakm14@gmail.com\",\"website\":null,\"is_active\":1},\"old\":{\"id\":9,\"created_at\":\"2026-01-04T04:37:52.000000Z\",\"updated_at\":\"2026-01-04T04:37:52.000000Z\",\"location\":\"KM 14\",\"name\":\"SIT Fathona KM 14\",\"alphabet_code\":\"K14\",\"numeric_code\":\"9\",\"street_address\":\"Jl. Palembang - Betung KM 14\",\"loc_district_id\":160710,\"loc_village_id\":1607101024,\"phone\":null,\"email\":\"sitfathonakm14@gmail.com\",\"website\":null,\"is_active\":1}}","created_at":"2026-01-04 04:45:35","updated_at":"2026-01-04 04:45:35","event":"updated","batch_uuid":null},
{"id":20,"log_name":"default","description":"updated","subject_type":"App\\Models\\RefBranch","subject_id":10,"causer_type":"App\\Models\\User","causer_id":1,"properties":"{\"attributes\":{\"id\":10,\"created_at\":\"2026-01-04T04:37:52.000000Z\",\"updated_at\":\"2026-01-04T04:45:35.000000Z\",\"location\":\"Jakabaring\",\"name\":\"SIT Fathona Jakabaring\",\"alphabet_code\":\"JKB\",\"numeric_code\":\"10\",\"street_address\":\"Jl. Tegal Binangun\",\"loc_district_id\":167114,\"loc_village_id\":1671141002,\"phone\":null,\"email\":\"sitfathonajakabaringofficial@gmail.com\",\"website\":null,\"is_active\":1},\"old\":{\"id\":10,\"created_at\":\"2026-01-04T04:37:52.000000Z\",\"updated_at\":\"2026-01-04T04:37:52.000000Z\",\"location\":\"Jakabaring\",\"name\":\"SIT Fathona Jakabaring\",\"alphabet_code\":\"JKB\",\"numeric_code\":\"10\",\"street_address\":\"Jl. Tegal Binangun\",\"loc_district_id\":167114,\"loc_village_id\":1671141002,\"phone\":null,\"email\":\"sitfathonajakabaringofficial@gmail.com\",\"website\":null,\"is_active\":1}}","created_at":"2026-01-04 04:45:35","updated_at":"2026-01-04 04:45:35","event":"updated","batch_uuid":null},
{"id":21,"log_name":"default","description":"updated","subject_type":"App\\Models\\RefBranch","subject_id":1,"causer_type":"App\\Models\\User","causer_id":1,"properties":"{\"attributes\":{\"id\":1,\"created_at\":\"2026-01-04T04:37:52.000000Z\",\"updated_at\":\"2026-01-04T04:51:38.000000Z\",\"location\":\"Baturaja\",\"name\":\"SIT Fathona Baturaja\",\"alphabet_code\":\"BTA\",\"numeric_code\":\"01\",\"street_address\":\"Jl. Nawawi Al-Hajj, Jembatan Ogan IV\",\"loc_district_id\":160114,\"loc_village_id\":1601142008,\"phone\":null,\"email\":\"sitfathonabta@gmail.com\",\"website\":null,\"is_active\":1},\"old\":{\"id\":1,\"created_at\":\"2026-01-04T04:37:52.000000Z\",\"updated_at\":\"2026-01-04T04:45:35.000000Z\",\"location\":\"Baturaja\",\"name\":\"SIT Fathona Baturaja\",\"alphabet_code\":\"BTA\",\"numeric_code\":\"01\",\"street_address\":\"Jl. Nawawi Al-Hajj, Jembatan Ogan IV\",\"loc_district_id\":160114,\"loc_village_id\":1601142008,\"phone\":null,\"email\":\"sitfathonabta@gmail.com\",\"website\":null,\"is_active\":1}}","created_at":"2026-01-04 04:51:38","updated_at":"2026-01-04 04:51:38","event":"updated","batch_uuid":null},
{"id":22,"log_name":"default","description":"updated","subject_type":"App\\Models\\RefBranch","subject_id":2,"causer_type":"App\\Models\\User","causer_id":1,"properties":"{\"attributes\":{\"id\":2,\"created_at\":\"2026-01-04T04:37:52.000000Z\",\"updated_at\":\"2026-01-04T04:51:38.000000Z\",\"location\":\"Maskarebet\",\"name\":\"SIT Fathona Maskarebet\",\"alphabet_code\":\"MSK\",\"numeric_code\":\"02\",\"street_address\":\"Jl. Jepang RT. 36 RW. 11\",\"loc_district_id\":167115,\"loc_village_id\":1671151004,\"phone\":null,\"email\":\"sitfathonaplg@gmail.com\",\"website\":null,\"is_active\":1},\"old\":{\"id\":2,\"created_at\":\"2026-01-04T04:37:52.000000Z\",\"updated_at\":\"2026-01-04T04:45:35.000000Z\",\"location\":\"Maskarebet\",\"name\":\"SIT Fathona Maskarebet\",\"alphabet_code\":\"MSK\",\"numeric_code\":\"02\",\"street_address\":\"Jl. Jepang RT. 36 RW. 11\",\"loc_district_id\":167115,\"loc_village_id\":1671151004,\"phone\":null,\"email\":\"sitfathonaplg@gmail.com\",\"website\":null,\"is_active\":1}}","created_at":"2026-01-04 04:51:38","updated_at":"2026-01-04 04:51:38","event":"updated","batch_uuid":null},
{"id":23,"log_name":"default","description":"updated","subject_type":"App\\Models\\RefBranch","subject_id":3,"causer_type":"App\\Models\\User","causer_id":1,"properties":"{\"attributes\":{\"id\":3,\"created_at\":\"2026-01-04T04:37:52.000000Z\",\"updated_at\":\"2026-01-04T04:51:38.000000Z\",\"location\":\"Prabumulih\",\"name\":\"SIT Fathona Prabumulih\",\"alphabet_code\":\"PBM\",\"numeric_code\":\"03\",\"street_address\":\"Jl. Sumatera Lrg. Mangga RT. 08 RW. 04\",\"loc_district_id\":167402,\"loc_village_id\":1674021007,\"phone\":null,\"email\":\"sitfathonapbm@gmail.com\",\"website\":null,\"is_active\":1},\"old\":{\"id\":3,\"created_at\":\"2026-01-04T04:37:52.000000Z\",\"updated_at\":\"2026-01-04T04:45:35.000000Z\",\"location\":\"Prabumulih\",\"name\":\"SIT Fathona Prabumulih\",\"alphabet_code\":\"PBM\",\"numeric_code\":\"03\",\"street_address\":\"Jl. Sumatera Lrg. Mangga RT. 08 RW. 04\",\"loc_district_id\":167402,\"loc_village_id\":1674021007,\"phone\":null,\"email\":\"sitfathonapbm@gmail.com\",\"website\":null,\"is_active\":1}}","created_at":"2026-01-04 04:51:38","updated_at":"2026-01-04 04:51:38","event":"updated","batch_uuid":null},
{"id":24,"log_name":"default","description":"updated","subject_type":"App\\Models\\RefBranch","subject_id":4,"causer_type":"App\\Models\\User","causer_id":1,"properties":"{\"attributes\":{\"id\":4,\"created_at\":\"2026-01-04T04:37:52.000000Z\",\"updated_at\":\"2026-01-04T04:51:38.000000Z\",\"location\":\"Lemabang\",\"name\":\"SIT Fathona Lemabang\",\"alphabet_code\":\"LMB\",\"numeric_code\":\"04\",\"street_address\":\"Jl. Ratu Sianum, Ruko Blok A1, Lemabang\",\"loc_district_id\":167106,\"loc_village_id\":1671061006,\"phone\":null,\"email\":\"sitfathonalmb@gmail.com\",\"website\":null,\"is_active\":1},\"old\":{\"id\":4,\"created_at\":\"2026-01-04T04:37:52.000000Z\",\"updated_at\":\"2026-01-04T04:45:35.000000Z\",\"location\":\"Lemabang\",\"name\":\"SIT Fathona Lemabang\",\"alphabet_code\":\"LMB\",\"numeric_code\":\"04\",\"street_address\":\"Jl. Ratu Sianum, Ruko Blok A1, Lemabang\",\"loc_district_id\":167106,\"loc_village_id\":1671061006,\"phone\":null,\"email\":\"sitfathonalmb@gmail.com\",\"website\":null,\"is_active\":1}}","created_at":"2026-01-04 04:51:38","updated_at":"2026-01-04 04:51:38","event":"updated","batch_uuid":null},
{"id":25,"log_name":"default","description":"updated","subject_type":"App\\Models\\RefBranch","subject_id":5,"causer_type":"App\\Models\\User","causer_id":1,"properties":"{\"attributes\":{\"id\":5,\"created_at\":\"2026-01-04T04:37:52.000000Z\",\"updated_at\":\"2026-01-04T04:51:38.000000Z\",\"location\":\"Pakjo\",\"name\":\"SIT Fathona Pakjo\",\"alphabet_code\":\"PKJ\",\"numeric_code\":\"05\",\"street_address\":\"Jl. Inspektur Marzuki No. 124, Pakjo\",\"loc_district_id\":167104,\"loc_village_id\":1671041004,\"phone\":null,\"email\":\"sitfathonapakjo@gmail.com\",\"website\":null,\"is_active\":1},\"old\":{\"id\":5,\"created_at\":\"2026-01-04T04:37:52.000000Z\",\"updated_at\":\"2026-01-04T04:45:35.000000Z\",\"location\":\"Pakjo\",\"name\":\"SIT Fathona Pakjo\",\"alphabet_code\":\"PKJ\",\"numeric_code\":\"05\",\"street_address\":\"Jl. Inspektur Marzuki No. 124, Pakjo\",\"loc_district_id\":167104,\"loc_village_id\":1671041004,\"phone\":null,\"email\":\"sitfathonapakjo@gmail.com\",\"website\":null,\"is_active\":1}}","created_at":"2026-01-04 04:51:38","updated_at":"2026-01-04 04:51:38","event":"updated","batch_uuid":null},
{"id":26,"log_name":"default","description":"updated","subject_type":"App\\Models\\RefBranch","subject_id":6,"causer_type":"App\\Models\\User","causer_id":1,"properties":"{\"attributes\":{\"id\":6,\"created_at\":\"2026-01-04T04:37:52.000000Z\",\"updated_at\":\"2026-01-04T04:51:38.000000Z\",\"location\":\"Lubuklinggau\",\"name\":\"SIT Fathona Lubuklinggau\",\"alphabet_code\":\"LLG\",\"numeric_code\":\"06\",\"street_address\":\"Jl. Yos Sudarso No. 8 AB\",\"loc_district_id\":167301,\"loc_village_id\":1673011007,\"phone\":null,\"email\":\"sitafthonallg@gmail.com\",\"website\":null,\"is_active\":1},\"old\":{\"id\":6,\"created_at\":\"2026-01-04T04:37:52.000000Z\",\"updated_at\":\"2026-01-04T04:45:35.000000Z\",\"location\":\"Lubuklinggau\",\"name\":\"SIT Fathona Lubuklinggau\",\"alphabet_code\":\"LLG\",\"numeric_code\":\"06\",\"street_address\":\"Jl. Yos Sudarso No. 8 AB\",\"loc_district_id\":167301,\"loc_village_id\":1673011007,\"phone\":null,\"email\":\"sitafthonallg@gmail.com\",\"website\":null,\"is_active\":1}}","created_at":"2026-01-04 04:51:38","updated_at":"2026-01-04 04:51:38","event":"updated","batch_uuid":null},
{"id":27,"log_name":"default","description":"updated","subject_type":"App\\Models\\RefBranch","subject_id":7,"causer_type":"App\\Models\\User","causer_id":1,"properties":"{\"attributes\":{\"id\":7,\"created_at\":\"2026-01-04T04:37:52.000000Z\",\"updated_at\":\"2026-01-04T04:51:38.000000Z\",\"location\":\"Depok\",\"name\":\"SIT Fathona Depok\",\"alphabet_code\":\"DPK\",\"numeric_code\":\"07\",\"street_address\":\"Jl. Putri Tunggal No. 72\",\"loc_district_id\":327602,\"loc_village_id\":3276021007,\"phone\":null,\"email\":\"sitfathonadepok@gmail.com\",\"website\":null,\"is_active\":1},\"old\":{\"id\":7,\"created_at\":\"2026-01-04T04:37:52.000000Z\",\"updated_at\":\"2026-01-04T04:45:35.000000Z\",\"location\":\"Depok\",\"name\":\"SIT Fathona Depok\",\"alphabet_code\":\"DPK\",\"numeric_code\":\"07\",\"street_address\":\"Jl. Putri Tunggal No. 72\",\"loc_district_id\":327602,\"loc_village_id\":3276021007,\"phone\":null,\"email\":\"sitfathonadepok@gmail.com\",\"website\":null,\"is_active\":1}}","created_at":"2026-01-04 04:51:38","updated_at":"2026-01-04 04:51:38","event":"updated","batch_uuid":null},
{"id":28,"log_name":"default","description":"updated","subject_type":"App\\Models\\RefBranch","subject_id":8,"causer_type":"App\\Models\\User","causer_id":1,"properties":"{\"attributes\":{\"id\":8,\"created_at\":\"2026-01-04T04:37:52.000000Z\",\"updated_at\":\"2026-01-04T04:51:38.000000Z\",\"location\":\"Muara Enim\",\"name\":\"SIT Fathona Muara Enim\",\"alphabet_code\":\"MEN\",\"numeric_code\":\"08\",\"street_address\":\"Jl. Kol. H. Burlian No. 116, RT. 02 RW. 04\",\"loc_district_id\":160302,\"loc_village_id\":1603021008,\"phone\":null,\"email\":\"sitfathonamuaraenim@gmail.com\",\"website\":null,\"is_active\":1},\"old\":{\"id\":8,\"created_at\":\"2026-01-04T04:37:52.000000Z\",\"updated_at\":\"2026-01-04T04:45:35.000000Z\",\"location\":\"Muara Enim\",\"name\":\"SIT Fathona Muara Enim\",\"alphabet_code\":\"MEN\",\"numeric_code\":\"08\",\"street_address\":\"Jl. Kol. H. Burlian No. 116, RT. 02 RW. 04\",\"loc_district_id\":160302,\"loc_village_id\":1603021008,\"phone\":null,\"email\":\"sitfathonamuaraenim@gmail.com\",\"website\":null,\"is_active\":1}}","created_at":"2026-01-04 04:51:38","updated_at":"2026-01-04 04:51:38","event":"updated","batch_uuid":null},
{"id":29,"log_name":"default","description":"updated","subject_type":"App\\Models\\RefBranch","subject_id":9,"causer_type":"App\\Models\\User","causer_id":1,"properties":"{\"attributes\":{\"id\":9,\"created_at\":\"2026-01-04T04:37:52.000000Z\",\"updated_at\":\"2026-01-04T04:51:38.000000Z\",\"location\":\"KM 14\",\"name\":\"SIT Fathona KM 14\",\"alphabet_code\":\"K14\",\"numeric_code\":\"09\",\"street_address\":\"Jl. Palembang - Betung KM 14\",\"loc_district_id\":160710,\"loc_village_id\":1607101024,\"phone\":null,\"email\":\"sitfathonakm14@gmail.com\",\"website\":null,\"is_active\":1},\"old\":{\"id\":9,\"created_at\":\"2026-01-04T04:37:52.000000Z\",\"updated_at\":\"2026-01-04T04:45:35.000000Z\",\"location\":\"KM 14\",\"name\":\"SIT Fathona KM 14\",\"alphabet_code\":\"K14\",\"numeric_code\":\"09\",\"street_address\":\"Jl. Palembang - Betung KM 14\",\"loc_district_id\":160710,\"loc_village_id\":1607101024,\"phone\":null,\"email\":\"sitfathonakm14@gmail.com\",\"website\":null,\"is_active\":1}}","created_at":"2026-01-04 04:51:38","updated_at":"2026-01-04 04:51:38","event":"updated","batch_uuid":null},
{"id":30,"log_name":"default","description":"updated","subject_type":"App\\Models\\RefBranch","subject_id":10,"causer_type":"App\\Models\\User","causer_id":1,"properties":"{\"attributes\":{\"id\":10,\"created_at\":\"2026-01-04T04:37:52.000000Z\",\"updated_at\":\"2026-01-04T04:51:38.000000Z\",\"location\":\"Jakabaring\",\"name\":\"SIT Fathona Jakabaring\",\"alphabet_code\":\"JKB\",\"numeric_code\":\"10\",\"street_address\":\"Jl. Tegal Binangun\",\"loc_district_id\":167114,\"loc_village_id\":1671141002,\"phone\":null,\"email\":\"sitfathonajakabaringofficial@gmail.com\",\"website\":null,\"is_active\":1},\"old\":{\"id\":10,\"created_at\":\"2026-01-04T04:37:52.000000Z\",\"updated_at\":\"2026-01-04T04:45:35.000000Z\",\"location\":\"Jakabaring\",\"name\":\"SIT Fathona Jakabaring\",\"alphabet_code\":\"JKB\",\"numeric_code\":\"10\",\"street_address\":\"Jl. Tegal Binangun\",\"loc_district_id\":167114,\"loc_village_id\":1671141002,\"phone\":null,\"email\":\"sitfathonajakabaringofficial@gmail.com\",\"website\":null,\"is_active\":1}}","created_at":"2026-01-04 04:51:38","updated_at":"2026-01-04 04:51:38","event":"updated","batch_uuid":null},
{"id":31,"log_name":"default","description":"created","subject_type":"App\\Models\\RefBranch","subject_id":11,"causer_type":"App\\Models\\User","causer_id":1,"properties":"{\"attributes\":{\"id\":11,\"created_at\":\"2026-01-04T04:51:38.000000Z\",\"updated_at\":\"2026-01-04T04:51:38.000000Z\",\"location\":\"Serpong\",\"name\":\"Sekolah Alam Serpong\",\"alphabet_code\":\"SRP\",\"numeric_code\":\"11\",\"street_address\":\"Jl. Raya Kodiklat TNI\",\"loc_district_id\":367401,\"loc_village_id\":3674011006,\"phone\":null,\"email\":\"sekolahalamfathonaserpong@gmail.com\",\"website\":null,\"is_active\":1}}","created_at":"2026-01-04 04:51:38","updated_at":"2026-01-04 04:51:38","event":"created","batch_uuid":null}]
