[{"id":1,"data":"{\"id\":\"11\",\"province_name\":\"Prov. Aceh\",\"loc_country_id\":\"107\"}","import_id":3,"validation_error":null,"created_at":"2026-01-01 12:45:55","updated_at":"2026-01-01 12:45:55"},
{"id":2,"data":"{\"id\":\"12\",\"province_name\":\"Prov. Sumatera Utara\",\"loc_country_id\":\"107\"}","import_id":3,"validation_error":null,"created_at":"2026-01-01 12:45:55","updated_at":"2026-01-01 12:45:55"},
{"id":3,"data":"{\"id\":\"13\",\"province_name\":\"Prov. Sumatera Barat\",\"loc_country_id\":\"107\"}","import_id":3,"validation_error":null,"created_at":"2026-01-01 12:45:55","updated_at":"2026-01-01 12:45:55"},
{"id":4,"data":"{\"id\":\"14\",\"province_name\":\"Prov. Riau\",\"loc_country_id\":\"107\"}","import_id":3,"validation_error":null,"created_at":"2026-01-01 12:45:55","updated_at":"2026-01-01 12:45:55"},
{"id":5,"data":"{\"id\":\"15\",\"province_name\":\"Prov. Jambi\",\"loc_country_id\":\"107\"}","import_id":3,"validation_error":null,"created_at":"2026-01-01 12:45:55","updated_at":"2026-01-01 12:45:55"},
{"id":6,"data":"{\"id\":\"16\",\"province_name\":\"Prov. Sumatera Selatan\",\"loc_country_id\":\"107\"}","import_id":3,"validation_error":null,"created_at":"2026-01-01 12:45:55","updated_at":"2026-01-01 12:45:55"},
{"id":7,"data":"{\"id\":\"17\",\"province_name\":\"Prov. Bengkulu\",\"loc_country_id\":\"107\"}","import_id":3,"validation_error":null,"created_at":"2026-01-01 12:45:55","updated_at":"2026-01-01 12:45:55"},
{"id":8,"data":"{\"id\":\"18\",\"province_name\":\"Prov. Lampung\",\"loc_country_id\":\"107\"}","import_id":3,"validation_error":null,"created_at":"2026-01-01 12:45:55","updated_at":"2026-01-01 12:45:55"},
{"id":9,"data":"{\"id\":\"19\",\"province_name\":\"Prov. Kepulauan Bangka Belitung\",\"loc_country_id\":\"107\"}","import_id":3,"validation_error":null,"created_at":"2026-01-01 12:45:55","updated_at":"2026-01-01 12:45:55"},
{"id":10,"data":"{\"id\":\"21\",\"province_name\":\"Prov. Kepulauan Riau\",\"loc_country_id\":\"107\"}","import_id":3,"validation_error":null,"created_at":"2026-01-01 12:45:55","updated_at":"2026-01-01 12:45:55"},
{"id":11,"data":"{\"id\":\"31\",\"province_name\":\"Prov. DKI Jakarta\",\"loc_country_id\":\"107\"}","import_id":3,"validation_error":null,"created_at":"2026-01-01 12:45:55","updated_at":"2026-01-01 12:45:55"},
{"id":12,"data":"{\"id\":\"32\",\"province_name\":\"Prov. Jawa Barat\",\"loc_country_id\":\"107\"}","import_id":3,"validation_error":null,"created_at":"2026-01-01 12:45:55","updated_at":"2026-01-01 12:45:55"},
{"id":13,"data":"{\"id\":\"33\",\"province_name\":\"Prov. Jawa Tengah\",\"loc_country_id\":\"107\"}","import_id":3,"validation_error":null,"created_at":"2026-01-01 12:45:55","updated_at":"2026-01-01 12:45:55"},
{"id":14,"data":"{\"id\":\"34\",\"province_name\":\"Prov. DI Yogyakarta\",\"loc_country_id\":\"107\"}","import_id":3,"validation_error":null,"created_at":"2026-01-01 12:45:55","updated_at":"2026-01-01 12:45:55"},
{"id":15,"data":"{\"id\":\"35\",\"province_name\":\"Prov. Jawa Timur\",\"loc_country_id\":\"107\"}","import_id":3,"validation_error":null,"created_at":"2026-01-01 12:45:55","updated_at":"2026-01-01 12:45:55"},
{"id":16,"data":"{\"id\":\"36\",\"province_name\":\"Prov. Banten\",\"loc_country_id\":\"107\"}","import_id":3,"validation_error":null,"created_at":"2026-01-01 12:45:55","updated_at":"2026-01-01 12:45:55"},
{"id":17,"data":"{\"id\":\"51\",\"province_name\":\"Prov. Bali\",\"loc_country_id\":\"107\"}","import_id":3,"validation_error":null,"created_at":"2026-01-01 12:45:55","updated_at":"2026-01-01 12:45:55"},
{"id":18,"data":"{\"id\":\"52\",\"province_name\":\"Prov. Nusa Tenggara Barat\",\"loc_country_id\":\"107\"}","import_id":3,"validation_error":null,"created_at":"2026-01-01 12:45:55","updated_at":"2026-01-01 12:45:55"},
{"id":19,"data":"{\"id\":\"53\",\"province_name\":\"Prov. Nusa Tenggara Timur\",\"loc_country_id\":\"107\"}","import_id":3,"validation_error":null,"created_at":"2026-01-01 12:45:55","updated_at":"2026-01-01 12:45:55"},
{"id":20,"data":"{\"id\":\"61\",\"province_name\":\"Prov. Kalimantan Barat\",\"loc_country_id\":\"107\"}","import_id":3,"validation_error":null,"created_at":"2026-01-01 12:45:55","updated_at":"2026-01-01 12:45:55"},
{"id":21,"data":"{\"id\":\"62\",\"province_name\":\"Prov. Kalimantan Tengah\",\"loc_country_id\":\"107\"}","import_id":3,"validation_error":null,"created_at":"2026-01-01 12:45:55","updated_at":"2026-01-01 12:45:55"},
{"id":22,"data":"{\"id\":\"63\",\"province_name\":\"Prov. Kalimantan Selatan\",\"loc_country_id\":\"107\"}","import_id":3,"validation_error":null,"created_at":"2026-01-01 12:45:55","updated_at":"2026-01-01 12:45:55"},
{"id":23,"data":"{\"id\":\"64\",\"province_name\":\"Prov. Kalimantan Timur\",\"loc_country_id\":\"107\"}","import_id":3,"validation_error":null,"created_at":"2026-01-01 12:45:55","updated_at":"2026-01-01 12:45:55"},
{"id":24,"data":"{\"id\":\"65\",\"province_name\":\"Prov. Kalimantan Utara\",\"loc_country_id\":\"107\"}","import_id":3,"validation_error":null,"created_at":"2026-01-01 12:45:55","updated_at":"2026-01-01 12:45:55"},
{"id":25,"data":"{\"id\":\"71\",\"province_name\":\"Prov. Sulawesi Utara\",\"loc_country_id\":\"107\"}","import_id":3,"validation_error":null,"created_at":"2026-01-01 12:45:55","updated_at":"2026-01-01 12:45:55"},
{"id":26,"data":"{\"id\":\"72\",\"province_name\":\"Prov. Sulawesi Tengah\",\"loc_country_id\":\"107\"}","import_id":3,"validation_error":null,"created_at":"2026-01-01 12:45:55","updated_at":"2026-01-01 12:45:55"},
{"id":27,"data":"{\"id\":\"73\",\"province_name\":\"Prov. Sulawesi Selatan\",\"loc_country_id\":\"107\"}","import_id":3,"validation_error":null,"created_at":"2026-01-01 12:45:55","updated_at":"2026-01-01 12:45:55"},
{"id":28,"data":"{\"id\":\"74\",\"province_name\":\"Prov. Sulawesi Tenggara\",\"loc_country_id\":\"107\"}","import_id":3,"validation_error":null,"created_at":"2026-01-01 12:45:55","updated_at":"2026-01-01 12:45:55"},
{"id":29,"data":"{\"id\":\"75\",\"province_name\":\"Prov. Gorontalo\",\"loc_country_id\":\"107\"}","import_id":3,"validation_error":null,"created_at":"2026-01-01 12:45:55","updated_at":"2026-01-01 12:45:55"},
{"id":30,"data":"{\"id\":\"76\",\"province_name\":\"Prov. Sulawesi Barat\",\"loc_country_id\":\"107\"}","import_id":3,"validation_error":null,"created_at":"2026-01-01 12:45:55","updated_at":"2026-01-01 12:45:55"},
{"id":31,"data":"{\"id\":\"81\",\"province_name\":\"Prov. Maluku\",\"loc_country_id\":\"107\"}","import_id":3,"validation_error":null,"created_at":"2026-01-01 12:45:55","updated_at":"2026-01-01 12:45:55"},
{"id":32,"data":"{\"id\":\"82\",\"province_name\":\"Prov. Maluku Utara\",\"loc_country_id\":\"107\"}","import_id":3,"validation_error":null,"created_at":"2026-01-01 12:45:55","updated_at":"2026-01-01 12:45:55"},
{"id":33,"data":"{\"id\":\"91\",\"province_name\":\"Prov. Papua\",\"loc_country_id\":\"107\"}","import_id":3,"validation_error":null,"created_at":"2026-01-01 12:45:55","updated_at":"2026-01-01 12:45:55"},
{"id":34,"data":"{\"id\":\"92\",\"province_name\":\"Prov. Papua Barat\",\"loc_country_id\":\"107\"}","import_id":3,"validation_error":null,"created_at":"2026-01-01 12:45:55","updated_at":"2026-01-01 12:45:55"},
{"id":35,"data":"{\"id\":\"93\",\"province_name\":\"Prov. Papua Selatan\",\"loc_country_id\":\"107\"}","import_id":3,"validation_error":null,"created_at":"2026-01-01 12:45:55","updated_at":"2026-01-01 12:45:55"},
{"id":36,"data":"{\"id\":\"94\",\"province_name\":\"Prov. Papua Tengah\",\"loc_country_id\":\"107\"}","import_id":3,"validation_error":null,"created_at":"2026-01-01 12:45:55","updated_at":"2026-01-01 12:45:55"},
{"id":37,"data":"{\"id\":\"95\",\"province_name\":\"Prov. Papua Pegunungan\",\"loc_country_id\":\"107\"}","import_id":3,"validation_error":null,"created_at":"2026-01-01 12:45:55","updated_at":"2026-01-01 12:45:55"},
{"id":38,"data":"{\"id\":\"96\",\"province_name\":\"Prov. Papua Barat Daya\",\"loc_country_id\":\"107\"}","import_id":3,"validation_error":null,"created_at":"2026-01-01 12:45:55","updated_at":"2026-01-01 12:45:55"},
{"id":39,"data":"{\"id\":\"11\",\"province_name\":\"Prov. Aceh\",\"loc_country_id\":\"107\"}","import_id":4,"validation_error":null,"created_at":"2026-01-01 13:46:39","updated_at":"2026-01-01 13:46:39"},
{"id":40,"data":"{\"id\":\"12\",\"province_name\":\"Prov. Sumatera Utara\",\"loc_country_id\":\"107\"}","import_id":4,"validation_error":null,"created_at":"2026-01-01 13:46:39","updated_at":"2026-01-01 13:46:39"},
{"id":41,"data":"{\"id\":\"13\",\"province_name\":\"Prov. Sumatera Barat\",\"loc_country_id\":\"107\"}","import_id":4,"validation_error":null,"created_at":"2026-01-01 13:46:39","updated_at":"2026-01-01 13:46:39"},
{"id":42,"data":"{\"id\":\"14\",\"province_name\":\"Prov. Riau\",\"loc_country_id\":\"107\"}","import_id":4,"validation_error":null,"created_at":"2026-01-01 13:46:39","updated_at":"2026-01-01 13:46:39"},
{"id":43,"data":"{\"id\":\"15\",\"province_name\":\"Prov. Jambi\",\"loc_country_id\":\"107\"}","import_id":4,"validation_error":null,"created_at":"2026-01-01 13:46:39","updated_at":"2026-01-01 13:46:39"},
{"id":44,"data":"{\"id\":\"16\",\"province_name\":\"Prov. Sumatera Selatan\",\"loc_country_id\":\"107\"}","import_id":4,"validation_error":null,"created_at":"2026-01-01 13:46:39","updated_at":"2026-01-01 13:46:39"},
{"id":45,"data":"{\"id\":\"17\",\"province_name\":\"Prov. Bengkulu\",\"loc_country_id\":\"107\"}","import_id":4,"validation_error":null,"created_at":"2026-01-01 13:46:39","updated_at":"2026-01-01 13:46:39"},
{"id":46,"data":"{\"id\":\"18\",\"province_name\":\"Prov. Lampung\",\"loc_country_id\":\"107\"}","import_id":4,"validation_error":null,"created_at":"2026-01-01 13:46:39","updated_at":"2026-01-01 13:46:39"},
{"id":47,"data":"{\"id\":\"19\",\"province_name\":\"Prov. Kepulauan Bangka Belitung\",\"loc_country_id\":\"107\"}","import_id":4,"validation_error":null,"created_at":"2026-01-01 13:46:39","updated_at":"2026-01-01 13:46:39"},
{"id":48,"data":"{\"id\":\"21\",\"province_name\":\"Prov. Kepulauan Riau\",\"loc_country_id\":\"107\"}","import_id":4,"validation_error":null,"created_at":"2026-01-01 13:46:39","updated_at":"2026-01-01 13:46:39"},
{"id":49,"data":"{\"id\":\"31\",\"province_name\":\"Prov. DKI Jakarta\",\"loc_country_id\":\"107\"}","import_id":4,"validation_error":null,"created_at":"2026-01-01 13:46:39","updated_at":"2026-01-01 13:46:39"},
{"id":50,"data":"{\"id\":\"32\",\"province_name\":\"Prov. Jawa Barat\",\"loc_country_id\":\"107\"}","import_id":4,"validation_error":null,"created_at":"2026-01-01 13:46:39","updated_at":"2026-01-01 13:46:39"},
{"id":51,"data":"{\"id\":\"33\",\"province_name\":\"Prov. Jawa Tengah\",\"loc_country_id\":\"107\"}","import_id":4,"validation_error":null,"created_at":"2026-01-01 13:46:39","updated_at":"2026-01-01 13:46:39"},
{"id":52,"data":"{\"id\":\"34\",\"province_name\":\"Prov. DI Yogyakarta\",\"loc_country_id\":\"107\"}","import_id":4,"validation_error":null,"created_at":"2026-01-01 13:46:39","updated_at":"2026-01-01 13:46:39"},
{"id":53,"data":"{\"id\":\"35\",\"province_name\":\"Prov. Jawa Timur\",\"loc_country_id\":\"107\"}","import_id":4,"validation_error":null,"created_at":"2026-01-01 13:46:39","updated_at":"2026-01-01 13:46:39"},
{"id":54,"data":"{\"id\":\"36\",\"province_name\":\"Prov. Banten\",\"loc_country_id\":\"107\"}","import_id":4,"validation_error":null,"created_at":"2026-01-01 13:46:39","updated_at":"2026-01-01 13:46:39"},
{"id":55,"data":"{\"id\":\"51\",\"province_name\":\"Prov. Bali\",\"loc_country_id\":\"107\"}","import_id":4,"validation_error":null,"created_at":"2026-01-01 13:46:39","updated_at":"2026-01-01 13:46:39"},
{"id":56,"data":"{\"id\":\"52\",\"province_name\":\"Prov. Nusa Tenggara Barat\",\"loc_country_id\":\"107\"}","import_id":4,"validation_error":null,"created_at":"2026-01-01 13:46:39","updated_at":"2026-01-01 13:46:39"},
{"id":57,"data":"{\"id\":\"53\",\"province_name\":\"Prov. Nusa Tenggara Timur\",\"loc_country_id\":\"107\"}","import_id":4,"validation_error":null,"created_at":"2026-01-01 13:46:39","updated_at":"2026-01-01 13:46:39"},
{"id":58,"data":"{\"id\":\"61\",\"province_name\":\"Prov. Kalimantan Barat\",\"loc_country_id\":\"107\"}","import_id":4,"validation_error":null,"created_at":"2026-01-01 13:46:39","updated_at":"2026-01-01 13:46:39"},
{"id":59,"data":"{\"id\":\"62\",\"province_name\":\"Prov. Kalimantan Tengah\",\"loc_country_id\":\"107\"}","import_id":4,"validation_error":null,"created_at":"2026-01-01 13:46:39","updated_at":"2026-01-01 13:46:39"},
{"id":60,"data":"{\"id\":\"63\",\"province_name\":\"Prov. Kalimantan Selatan\",\"loc_country_id\":\"107\"}","import_id":4,"validation_error":null,"created_at":"2026-01-01 13:46:39","updated_at":"2026-01-01 13:46:39"},
{"id":61,"data":"{\"id\":\"64\",\"province_name\":\"Prov. Kalimantan Timur\",\"loc_country_id\":\"107\"}","import_id":4,"validation_error":null,"created_at":"2026-01-01 13:46:39","updated_at":"2026-01-01 13:46:39"},
{"id":62,"data":"{\"id\":\"65\",\"province_name\":\"Prov. Kalimantan Utara\",\"loc_country_id\":\"107\"}","import_id":4,"validation_error":null,"created_at":"2026-01-01 13:46:39","updated_at":"2026-01-01 13:46:39"},
{"id":63,"data":"{\"id\":\"71\",\"province_name\":\"Prov. Sulawesi Utara\",\"loc_country_id\":\"107\"}","import_id":4,"validation_error":null,"created_at":"2026-01-01 13:46:39","updated_at":"2026-01-01 13:46:39"},
{"id":64,"data":"{\"id\":\"72\",\"province_name\":\"Prov. Sulawesi Tengah\",\"loc_country_id\":\"107\"}","import_id":4,"validation_error":null,"created_at":"2026-01-01 13:46:39","updated_at":"2026-01-01 13:46:39"},
{"id":65,"data":"{\"id\":\"73\",\"province_name\":\"Prov. Sulawesi Selatan\",\"loc_country_id\":\"107\"}","import_id":4,"validation_error":null,"created_at":"2026-01-01 13:46:39","updated_at":"2026-01-01 13:46:39"},
{"id":66,"data":"{\"id\":\"74\",\"province_name\":\"Prov. Sulawesi Tenggara\",\"loc_country_id\":\"107\"}","import_id":4,"validation_error":null,"created_at":"2026-01-01 13:46:39","updated_at":"2026-01-01 13:46:39"},
{"id":67,"data":"{\"id\":\"75\",\"province_name\":\"Prov. Gorontalo\",\"loc_country_id\":\"107\"}","import_id":4,"validation_error":null,"created_at":"2026-01-01 13:46:39","updated_at":"2026-01-01 13:46:39"},
{"id":68,"data":"{\"id\":\"76\",\"province_name\":\"Prov. Sulawesi Barat\",\"loc_country_id\":\"107\"}","import_id":4,"validation_error":null,"created_at":"2026-01-01 13:46:39","updated_at":"2026-01-01 13:46:39"},
{"id":69,"data":"{\"id\":\"81\",\"province_name\":\"Prov. Maluku\",\"loc_country_id\":\"107\"}","import_id":4,"validation_error":null,"created_at":"2026-01-01 13:46:39","updated_at":"2026-01-01 13:46:39"},
{"id":70,"data":"{\"id\":\"82\",\"province_name\":\"Prov. Maluku Utara\",\"loc_country_id\":\"107\"}","import_id":4,"validation_error":null,"created_at":"2026-01-01 13:46:39","updated_at":"2026-01-01 13:46:39"},
{"id":71,"data":"{\"id\":\"91\",\"province_name\":\"Prov. Papua\",\"loc_country_id\":\"107\"}","import_id":4,"validation_error":null,"created_at":"2026-01-01 13:46:39","updated_at":"2026-01-01 13:46:39"},
{"id":72,"data":"{\"id\":\"92\",\"province_name\":\"Prov. Papua Barat\",\"loc_country_id\":\"107\"}","import_id":4,"validation_error":null,"created_at":"2026-01-01 13:46:39","updated_at":"2026-01-01 13:46:39"},
{"id":73,"data":"{\"id\":\"93\",\"province_name\":\"Prov. Papua Selatan\",\"loc_country_id\":\"107\"}","import_id":4,"validation_error":null,"created_at":"2026-01-01 13:46:39","updated_at":"2026-01-01 13:46:39"},
{"id":74,"data":"{\"id\":\"94\",\"province_name\":\"Prov. Papua Tengah\",\"loc_country_id\":\"107\"}","import_id":4,"validation_error":null,"created_at":"2026-01-01 13:46:39","updated_at":"2026-01-01 13:46:39"},
{"id":75,"data":"{\"id\":\"95\",\"province_name\":\"Prov. Papua Pegunungan\",\"loc_country_id\":\"107\"}","import_id":4,"validation_error":null,"created_at":"2026-01-01 13:46:39","updated_at":"2026-01-01 13:46:39"},
{"id":76,"data":"{\"id\":\"96\",\"province_name\":\"Prov. Papua Barat Daya\",\"loc_country_id\":\"107\"}","import_id":4,"validation_error":null,"created_at":"2026-01-01 13:46:39","updated_at":"2026-01-01 13:46:39"},
{"id":77,"data":"{\"id\":\"11\",\"location\":\"Serpong\",\"name\":\"Sekolah Alam Serpong\",\"alphabet_code\":\"SRP\",\"numeric_code\":\"11\",\"street_address\":\"Jl. Raya Kodiklat TNI\",\"loc_district_id\":\"367401\",\"loc_village_id\":\"3674011006\",\"phone\":\"\",\"email\":\"\",\"website\":\"\",\"is_active\":\"1\"}","import_id":9,"validation_error":"The email field must be a valid email address.","created_at":"2026-01-04 04:37:52","updated_at":"2026-01-04 04:37:52"},
{"id":78,"data":"{\"id\":\"11\",\"location\":\"Serpong\",\"name\":\"Sekolah Alam Serpong\",\"alphabet_code\":\"SRP\",\"numeric_code\":\"11\",\"street_address\":\"Jl. Raya Kodiklat TNI\",\"loc_district_id\":\"367401\",\"loc_village_id\":\"3674011006\",\"phone\":\"\",\"email\":\"-\",\"website\":\"\",\"is_active\":\"1\"}","import_id":10,"validation_error":"The email field must be a valid email address.","created_at":"2026-01-04 04:45:35","updated_at":"2026-01-04 04:45:35"}]
