[{"id":1,"created_at":null,"updated_at":null,"name":"Tunanetra","type":"Hambatan Fisik","description":"Anak tidak dapat melihat sama sekali, membutuhkan media pembelajaran braille atau audio."},
{"id":2,"created_at":null,"updated_at":null,"name":"Low Vision","type":"Hambatan Fisik","description":"Penglihatan sangat terbatas meskipun memakai kacamata, perlu teks besar atau alat bantu optik."},
{"id":3,"created_at":null,"updated_at":null,"name":"Tunarungu","type":"Hambatan Fisik","description":"Tidak dapat mendengar sebagian atau seluruh suara, memerlukan bahasa isyarat atau alat bantu dengar."},
{"id":4,"created_at":null,"updated_at":null,"name":"Tuli","type":"Hambatan Fisik","description":"Kehilangan pendengaran total, komunikasi utama melalui bahasa isyarat."},
{"id":5,"created_at":null,"updated_at":null,"name":"Tunadaksa","type":"Hambatan Fisik","description":"Gangguan gerak/tubuh karena kelainan tulang, sendi, otot, atau saraf."},
{"id":6,"created_at":null,"updated_at":null,"name":"Cerebral Palsy","type":"Hambatan Fisik","description":"Gangguan koordinasi otot akibat kerusakan otak sejak dini, menyebabkan kesulitan bergerak dan bicara."},
{"id":7,"created_at":null,"updated_at":null,"name":"Gangguan Mobilitas Lainnya","type":"Hambatan Fisik","description":"Hambatan gerak seperti amputasi, kelemahan otot, atau kelumpuhan."},
{"id":8,"created_at":null,"updated_at":null,"name":"Tunagrahita Ringan/Sedang/Berat","type":"Hambatan Intelektual","description":"Kecerdasan di bawah rata-rata, kesulitan mempelajari konsep abstrak, memerlukan pendekatan praktis dan berulang."},
{"id":9,"created_at":null,"updated_at":null,"name":"Disleksia","type":"Hambatan Intelektual","description":"Sulit membaca walau kecerdasan normal."},
{"id":10,"created_at":null,"updated_at":null,"name":"Disgrafia","type":"Hambatan Intelektual","description":"Sulit menulis dengan baik dan rapi."},
{"id":11,"created_at":null,"updated_at":null,"name":"Diskalkulia","type":"Hambatan Intelektual","description":"Sulit memahami konsep angka dan matematika."},
{"id":12,"created_at":null,"updated_at":null,"name":"Lamban Belajar (Slow Learner)","type":"Hambatan Intelektual","description":"Kemampuan belajar lebih lambat dari teman sebaya, memerlukan waktu tambahan untuk memahami materi."},
{"id":13,"created_at":null,"updated_at":null,"name":"ADHD","type":"Hambatan Perilaku dan Emosi","description":"Sulit fokus, mudah terdistraksi, cenderung impulsif, dan hiperaktif."},
{"id":14,"created_at":null,"updated_at":null,"name":"Autisme","type":"Hambatan Perilaku dan Emosi","description":"Kesulitan berkomunikasi, memahami interaksi sosial, dan menunjukkan perilaku repetitif."},
{"id":15,"created_at":null,"updated_at":null,"name":"Gangguan Emosi/Psikososial","type":"Hambatan Perilaku dan Emosi","description":"Masalah seperti kecemasan berlebihan, depresi, atau perilaku agresif yang mengganggu pembelajaran."},
{"id":16,"created_at":null,"updated_at":null,"name":"Tunawicara","type":"Hambatan Komunikasi","description":"Tidak dapat berbicara karena masalah organ bicara atau saraf."},
{"id":17,"created_at":null,"updated_at":null,"name":"Gangguan Berbahasa","type":"Hambatan Komunikasi","description":"Keterlambatan atau kesulitan memahami/menyusun bahasa (misalnya speech delay, afasia)."},
{"id":18,"created_at":null,"updated_at":null,"name":"Gagap (Stuttering)","type":"Hambatan Komunikasi","description":"Kesulitan mengucapkan kata secara lancar, diulang-ulang atau terhenti."},
{"id":19,"created_at":null,"updated_at":null,"name":"Anak Cerdas Istimewa (Gifted)","type":"Potensi Kecerdasan dan/atau Bakat Istimewa","description":"Memiliki kecerdasan jauh di atas rata-rata, cepat memahami materi, dan memiliki rasa ingin tahu tinggi."},
{"id":20,"created_at":null,"updated_at":null,"name":"Anak Berbakat Istimewa (Talented)","type":"Potensi Kecerdasan dan/atau Bakat Istimewa","description":"Memiliki kemampuan luar biasa di bidang seni, musik, olahraga, atau keterampilan tertentu."},
{"id":21,"created_at":null,"updated_at":null,"name":"Multiple Disabilities","type":"Kebutuhan Khusus Lainnya","description":"Mengalami lebih dari satu hambatan (misalnya tunanetra dan tunarungu sekaligus)."},
{"id":22,"created_at":null,"updated_at":null,"name":"Gangguan Kesehatan Kronis","type":"Kebutuhan Khusus Lainnya","description":"Kondisi medis jangka panjang seperti epilepsi atau penyakit jantung bawaan yang mempengaruhi aktivitas sekolah."},
{"id":23,"created_at":null,"updated_at":null,"name":"Anak Korban Trauma","type":"Kebutuhan Khusus Lainnya","description":"Mengalami trauma psikologis akibat kekerasan, bencana, atau konflik, yang berdampak pada konsentrasi dan emosi."}]
