[{"id":1,"created_at":null,"updated_at":null,"name":"KB","alias":"KB","fix_education_level_id":1,"description":"Kelompok Bermain"},
{"id":2,"created_at":null,"updated_at":null,"name":"TK A","alias":"TK A","fix_education_level_id":1,"description":"Kelas TK A"},
{"id":3,"created_at":null,"updated_at":null,"name":"TK B","alias":"TK B","fix_education_level_id":1,"description":"Kelas TK B"},
{"id":4,"created_at":null,"updated_at":null,"name":"1","alias":"I","fix_education_level_id":2,"description":"Kelas 1 SD"},
{"id":5,"created_at":null,"updated_at":null,"name":"2","alias":"II","fix_education_level_id":2,"description":"Kelas 2 SD"},
{"id":6,"created_at":null,"updated_at":null,"name":"3","alias":"III","fix_education_level_id":2,"description":"Kelas 3 SD"},
{"id":7,"created_at":null,"updated_at":null,"name":"4","alias":"IV","fix_education_level_id":2,"description":"Kelas 4 SD"},
{"id":8,"created_at":null,"updated_at":null,"name":"5","alias":"V","fix_education_level_id":2,"description":"Kelas 5 SD"},
{"id":9,"created_at":null,"updated_at":null,"name":"6","alias":"VI","fix_education_level_id":2,"description":"Kelas 6 SD"},
{"id":10,"created_at":null,"updated_at":null,"name":"7","alias":"VII","fix_education_level_id":3,"description":"Kelas 7 SMP"},
{"id":11,"created_at":null,"updated_at":null,"name":"8","alias":"VIII","fix_education_level_id":3,"description":"Kelas 8 SMP"},
{"id":12,"created_at":null,"updated_at":null,"name":"9","alias":"IX","fix_education_level_id":3,"description":"Kelas 9 SMP"},
{"id":13,"created_at":null,"updated_at":null,"name":"10","alias":"X","fix_education_level_id":4,"description":"Kelas 10 SMA"},
{"id":14,"created_at":null,"updated_at":null,"name":"11","alias":"XI","fix_education_level_id":4,"description":"Kelas 11 SMA"},
{"id":15,"created_at":null,"updated_at":null,"name":"12","alias":"XII","fix_education_level_id":4,"description":"Kelas 12 SMA"}]
