[{"id":1,"created_at":null,"updated_at":null,"name":"PNS"},
{"id":2,"created_at":null,"updated_at":null,"name":"TNI"},
{"id":3,"created_at":null,"updated_at":null,"name":"Polisi"},
{"id":4,"created_at":null,"updated_at":null,"name":"Politikus"},
{"id":5,"created_at":null,"updated_at":null,"name":"Guru"},
{"id":6,"created_at":null,"updated_at":null,"name":"Dosen"},
{"id":7,"created_at":null,"updated_at":null,"name":"Karyawan BUMN"},
{"id":8,"created_at":null,"updated_at":null,"name":"Karyawan Swasta"},
{"id":9,"created_at":null,"updated_at":null,"name":"Wirausaha"},
{"id":10,"created_at":null,"updated_at":null,"name":"Nelayan/Petani/Peternak"},
{"id":11,"created_at":null,"updated_at":null,"name":"Pedagang"},
{"id":12,"created_at":null,"updated_at":null,"name":"Jasa Profesional"},
{"id":13,"created_at":null,"updated_at":null,"name":"Pensiunan"},
{"id":14,"created_at":null,"updated_at":null,"name":"Ibu Rumah Tangga"},
{"id":15,"created_at":null,"updated_at":null,"name":"Lainnya"}]
