[{"id":"a0bac265-a627-4f20-9fee-487c50ac4bbd","name":"","total_jobs":3,"pending_jobs":0,"failed_jobs":0,"failed_job_ids":"[]","options":"a:2:{s:13:\"allowFailures\";b:1;s:7:\"finally\";a:1:{i:0;O:47:\"Laravel\\SerializableClosure\\SerializableClosure\":1:{s:12:\"serializable\";O:46:\"Laravel\\SerializableClosure\\Serializers\\Signed\":2:{s:12:\"serializable\";s:4369:\"O:46:\"Laravel\\SerializableClosure\\Serializers\\Native\":5:{s:3:\"use\";a:5:{s:9:\"authGuard\";s:3:\"web\";s:9:\"columnMap\";a:18:{s:22:\"country_name_indonesia\";s:22:\"country_name_indonesia\";s:20:\"country_name_english\";s:20:\"country_name_english\";s:12:\"capital_city\";s:12:\"capital_city\";s:9:\"continent\";s:9:\"continent\";s:11:\"region_name\";s:11:\"region_name\";s:14:\"subregion_name\";s:14:\"subregion_name\";s:9:\"fifa_code\";s:9:\"fifa_code\";s:17:\"iso3166_1_alpha_2\";s:17:\"iso3166_1_alpha_2\";s:17:\"iso3166_1_alpha_3\";s:17:\"iso3166_1_alpha_3\";s:17:\"iso3166_1_numeric\";s:17:\"iso3166_1_numeric\";s:9:\"dial_code\";s:9:\"dial_code\";s:21:\"iso4217_currency_name\";s:21:\"iso4217_currency_name\";s:27:\"iso4217_currency_alpha_code\";s:27:\"iso4217_currency_alpha_code\";s:29:\"iso4217_currency_numeric_code\";s:29:\"iso4217_currency_numeric_code\";s:3:\"tld\";s:3:\"tld\";s:10:\"geoname_id\";s:10:\"geoname_id\";s:9:\"wiki_page\";s:9:\"wiki_page\";s:10:\"other_info\";s:10:\"other_info\";}s:6:\"import\";O:45:\"Illuminate\\Contracts\\Database\\ModelIdentifier\":5:{s:5:\"class\";s:38:\"Filament\\Actions\\Imports\\Models\\Import\";s:2:\"id\";i:1;s:9:\"relations\";a:0:{}s:10:\"connection\";s:6:\"sqlite\";s:15:\"collectionClass\";N;}s:13:\"jobConnection\";N;s:7:\"options\";a:0:{}}s:8:\"function\";s:3036:\"function () use ($authGuard, $columnMap, $import, $jobConnection, $options): void {\n                    $import->touch('completed_at');\n\n                    event(new \\Filament\\Actions\\Imports\\Events\\ImportCompleted($import, $columnMap, $options));\n\n                    if (! $import->user instanceof \\Illuminate\\Contracts\\Auth\\Authenticatable) { /** @phpstan-ignore instanceof.alwaysTrue */\n                        return;\n                    }\n\n                    $failedRowsCount = $import->getFailedRowsCount();\n\n                    \\Filament\\Notifications\\Notification::make()\n                        ->title($import->importer::getCompletedNotificationTitle($import))\n                        ->body($import->importer::getCompletedNotificationBody($import))\n                        ->when(\n                            ! $failedRowsCount,\n                            fn (\\Filament\\Notifications\\Notification $notification) => $notification->success(),\n                        )\n                        ->when(\n                            $failedRowsCount && ($failedRowsCount < $import->total_rows),\n                            fn (\\Filament\\Notifications\\Notification $notification) => $notification->warning(),\n                        )\n                        ->when(\n                            $failedRowsCount === $import->total_rows,\n                            fn (\\Filament\\Notifications\\Notification $notification) => $notification->danger(),\n                        )\n                        ->when(\n                            $failedRowsCount,\n                            fn (\\Filament\\Notifications\\Notification $notification) => $notification->actions([\n                                \\Filament\\Actions\\Action::make('downloadFailedRowsCsv')\n                                    ->label(trans_choice('filament-actions::import.notifications.completed.actions.download_failed_rows_csv.label', $failedRowsCount, [\n                                        'count' => \\Illuminate\\Support\\Number::format($failedRowsCount),\n                                    ]))\n                                    ->color('danger')\n                                    ->url(\\Illuminate\\Support\\Facades\\URL::signedRoute('filament.imports.failed-rows.download', ['authGuard' => $authGuard, 'import' => $import], absolute: false), shouldOpenInNewTab: true)\n                                    ->markAsRead(),\n                            ]),\n                        )\n                        ->when(\n                            ($jobConnection === 'sync') ||\n                            (blank($jobConnection) && (config('queue.default') === 'sync')),\n                            fn (\\Filament\\Notifications\\Notification $notification) => $notification\n                                ->persistent()\n                                ->send(),\n                            fn (\\Filament\\Notifications\\Notification $notification) => $notification->sendToDatabase($import->user, isEventDispatched: true),\n                        );\n                }\";s:5:\"scope\";s:29:\"Filament\\Actions\\ImportAction\";s:4:\"this\";N;s:4:\"self\";s:32:\"0000000000000cb80000000000000000\";}\";s:4:\"hash\";s:44:\"ZGG7VRnA6mTw1jf9rykBO7tVw8Ga9hUPLq72YcdqmYo=\";}}}}","cancelled_at":null,"created_at":1767239858,"finished_at":1767239863},
{"id":"a0bb4e63-2280-44cf-b1bf-b5ba22914cad","name":"","total_jobs":1,"pending_jobs":0,"failed_jobs":0,"failed_job_ids":"[]","options":"a:2:{s:13:\"allowFailures\";b:1;s:7:\"finally\";a:1:{i:0;O:47:\"Laravel\\SerializableClosure\\SerializableClosure\":1:{s:12:\"serializable\";O:46:\"Laravel\\SerializableClosure\\Serializers\\Signed\":2:{s:12:\"serializable\";s:3640:\"O:46:\"Laravel\\SerializableClosure\\Serializers\\Native\":5:{s:3:\"use\";a:5:{s:9:\"authGuard\";s:3:\"web\";s:9:\"columnMap\";a:2:{s:13:\"province_name\";s:13:\"province_name\";s:10:\"locCountry\";s:14:\"loc_country_id\";}s:6:\"import\";O:45:\"Illuminate\\Contracts\\Database\\ModelIdentifier\":5:{s:5:\"class\";s:38:\"Filament\\Actions\\Imports\\Models\\Import\";s:2:\"id\";i:2;s:9:\"relations\";a:0:{}s:10:\"connection\";s:6:\"sqlite\";s:15:\"collectionClass\";N;}s:13:\"jobConnection\";N;s:7:\"options\";a:0:{}}s:8:\"function\";s:3036:\"function () use ($authGuard, $columnMap, $import, $jobConnection, $options): void {\n                    $import->touch('completed_at');\n\n                    event(new \\Filament\\Actions\\Imports\\Events\\ImportCompleted($import, $columnMap, $options));\n\n                    if (! $import->user instanceof \\Illuminate\\Contracts\\Auth\\Authenticatable) { /** @phpstan-ignore instanceof.alwaysTrue */\n                        return;\n                    }\n\n                    $failedRowsCount = $import->getFailedRowsCount();\n\n                    \\Filament\\Notifications\\Notification::make()\n                        ->title($import->importer::getCompletedNotificationTitle($import))\n                        ->body($import->importer::getCompletedNotificationBody($import))\n                        ->when(\n                            ! $failedRowsCount,\n                            fn (\\Filament\\Notifications\\Notification $notification) => $notification->success(),\n                        )\n                        ->when(\n                            $failedRowsCount && ($failedRowsCount < $import->total_rows),\n                            fn (\\Filament\\Notifications\\Notification $notification) => $notification->warning(),\n                        )\n                        ->when(\n                            $failedRowsCount === $import->total_rows,\n                            fn (\\Filament\\Notifications\\Notification $notification) => $notification->danger(),\n                        )\n                        ->when(\n                            $failedRowsCount,\n                            fn (\\Filament\\Notifications\\Notification $notification) => $notification->actions([\n                                \\Filament\\Actions\\Action::make('downloadFailedRowsCsv')\n                                    ->label(trans_choice('filament-actions::import.notifications.completed.actions.download_failed_rows_csv.label', $failedRowsCount, [\n                                        'count' => \\Illuminate\\Support\\Number::format($failedRowsCount),\n                                    ]))\n                                    ->color('danger')\n                                    ->url(\\Illuminate\\Support\\Facades\\URL::signedRoute('filament.imports.failed-rows.download', ['authGuard' => $authGuard, 'import' => $import], absolute: false), shouldOpenInNewTab: true)\n                                    ->markAsRead(),\n                            ]),\n                        )\n                        ->when(\n                            ($jobConnection === 'sync') ||\n                            (blank($jobConnection) && (config('queue.default') === 'sync')),\n                            fn (\\Filament\\Notifications\\Notification $notification) => $notification\n                                ->persistent()\n                                ->send(),\n                            fn (\\Filament\\Notifications\\Notification $notification) => $notification->sendToDatabase($import->user, isEventDispatched: true),\n                        );\n                }\";s:5:\"scope\";s:29:\"Filament\\Actions\\ImportAction\";s:4:\"this\";N;s:4:\"self\";s:32:\"0000000000000a650000000000000000\";}\";s:4:\"hash\";s:44:\"rfeXbMCv9Lo/8nhrww/I/gM5RFe7n36WH1v2Wrvydrw=\";}}}}","cancelled_at":null,"created_at":1767263344,"finished_at":1767263347},
{"id":"a0bb7f4e-dd13-4ab9-a37e-29b68f60d510","name":"","total_jobs":1,"pending_jobs":0,"failed_jobs":0,"failed_job_ids":"[]","options":"a:2:{s:13:\"allowFailures\";b:1;s:7:\"finally\";a:1:{i:0;O:47:\"Laravel\\SerializableClosure\\SerializableClosure\":1:{s:12:\"serializable\";O:46:\"Laravel\\SerializableClosure\\Serializers\\Signed\":2:{s:12:\"serializable\";s:3682:\"O:46:\"Laravel\\SerializableClosure\\Serializers\\Native\":5:{s:3:\"use\";a:5:{s:9:\"authGuard\";s:3:\"web\";s:9:\"columnMap\";a:3:{s:2:\"id\";s:2:\"id\";s:13:\"province_name\";s:13:\"province_name\";s:10:\"locCountry\";s:14:\"loc_country_id\";}s:6:\"import\";O:45:\"Illuminate\\Contracts\\Database\\ModelIdentifier\":5:{s:5:\"class\";s:38:\"Filament\\Actions\\Imports\\Models\\Import\";s:2:\"id\";i:3;s:9:\"relations\";a:0:{}s:10:\"connection\";s:6:\"sqlite\";s:15:\"collectionClass\";N;}s:13:\"jobConnection\";N;s:7:\"options\";a:1:{s:9:\"delimiter\";s:1:\",\";}}s:8:\"function\";s:3036:\"function () use ($authGuard, $columnMap, $import, $jobConnection, $options): void {\n                    $import->touch('completed_at');\n\n                    event(new \\Filament\\Actions\\Imports\\Events\\ImportCompleted($import, $columnMap, $options));\n\n                    if (! $import->user instanceof \\Illuminate\\Contracts\\Auth\\Authenticatable) { /** @phpstan-ignore instanceof.alwaysTrue */\n                        return;\n                    }\n\n                    $failedRowsCount = $import->getFailedRowsCount();\n\n                    \\Filament\\Notifications\\Notification::make()\n                        ->title($import->importer::getCompletedNotificationTitle($import))\n                        ->body($import->importer::getCompletedNotificationBody($import))\n                        ->when(\n                            ! $failedRowsCount,\n                            fn (\\Filament\\Notifications\\Notification $notification) => $notification->success(),\n                        )\n                        ->when(\n                            $failedRowsCount && ($failedRowsCount < $import->total_rows),\n                            fn (\\Filament\\Notifications\\Notification $notification) => $notification->warning(),\n                        )\n                        ->when(\n                            $failedRowsCount === $import->total_rows,\n                            fn (\\Filament\\Notifications\\Notification $notification) => $notification->danger(),\n                        )\n                        ->when(\n                            $failedRowsCount,\n                            fn (\\Filament\\Notifications\\Notification $notification) => $notification->actions([\n                                \\Filament\\Actions\\Action::make('downloadFailedRowsCsv')\n                                    ->label(trans_choice('filament-actions::import.notifications.completed.actions.download_failed_rows_csv.label', $failedRowsCount, [\n                                        'count' => \\Illuminate\\Support\\Number::format($failedRowsCount),\n                                    ]))\n                                    ->color('danger')\n                                    ->url(\\Illuminate\\Support\\Facades\\URL::signedRoute('filament.imports.failed-rows.download', ['authGuard' => $authGuard, 'import' => $import], absolute: false), shouldOpenInNewTab: true)\n                                    ->markAsRead(),\n                            ]),\n                        )\n                        ->when(\n                            ($jobConnection === 'sync') ||\n                            (blank($jobConnection) && (config('queue.default') === 'sync')),\n                            fn (\\Filament\\Notifications\\Notification $notification) => $notification\n                                ->persistent()\n                                ->send(),\n                            fn (\\Filament\\Notifications\\Notification $notification) => $notification->sendToDatabase($import->user, isEventDispatched: true),\n                        );\n                }\";s:5:\"scope\";s:29:\"Filament\\Actions\\ImportAction\";s:4:\"this\";N;s:4:\"self\";s:32:\"0000000000000c580000000000000000\";}\";s:4:\"hash\";s:44:\"MGY+m8y3uT9shHw6eV54yWN/bAjFBSWmyo5ECRyKT78=\";}}}}","cancelled_at":null,"created_at":1767271552,"finished_at":1767271555},
{"id":"a0bb950b-e4ae-454b-9e47-8833e81b9d11","name":"","total_jobs":1,"pending_jobs":0,"failed_jobs":0,"failed_job_ids":"[]","options":"a:2:{s:13:\"allowFailures\";b:1;s:7:\"finally\";a:1:{i:0;O:47:\"Laravel\\SerializableClosure\\SerializableClosure\":1:{s:12:\"serializable\";O:46:\"Laravel\\SerializableClosure\\Serializers\\Signed\":2:{s:12:\"serializable\";s:3658:\"O:46:\"Laravel\\SerializableClosure\\Serializers\\Native\":5:{s:3:\"use\";a:5:{s:9:\"authGuard\";s:3:\"web\";s:9:\"columnMap\";a:3:{s:2:\"id\";s:2:\"id\";s:13:\"province_name\";s:13:\"province_name\";s:10:\"locCountry\";s:14:\"loc_country_id\";}s:6:\"import\";O:45:\"Illuminate\\Contracts\\Database\\ModelIdentifier\":5:{s:5:\"class\";s:38:\"Filament\\Actions\\Imports\\Models\\Import\";s:2:\"id\";i:4;s:9:\"relations\";a:0:{}s:10:\"connection\";s:6:\"sqlite\";s:15:\"collectionClass\";N;}s:13:\"jobConnection\";N;s:7:\"options\";a:0:{}}s:8:\"function\";s:3036:\"function () use ($authGuard, $columnMap, $import, $jobConnection, $options): void {\n                    $import->touch('completed_at');\n\n                    event(new \\Filament\\Actions\\Imports\\Events\\ImportCompleted($import, $columnMap, $options));\n\n                    if (! $import->user instanceof \\Illuminate\\Contracts\\Auth\\Authenticatable) { /** @phpstan-ignore instanceof.alwaysTrue */\n                        return;\n                    }\n\n                    $failedRowsCount = $import->getFailedRowsCount();\n\n                    \\Filament\\Notifications\\Notification::make()\n                        ->title($import->importer::getCompletedNotificationTitle($import))\n                        ->body($import->importer::getCompletedNotificationBody($import))\n                        ->when(\n                            ! $failedRowsCount,\n                            fn (\\Filament\\Notifications\\Notification $notification) => $notification->success(),\n                        )\n                        ->when(\n                            $failedRowsCount && ($failedRowsCount < $import->total_rows),\n                            fn (\\Filament\\Notifications\\Notification $notification) => $notification->warning(),\n                        )\n                        ->when(\n                            $failedRowsCount === $import->total_rows,\n                            fn (\\Filament\\Notifications\\Notification $notification) => $notification->danger(),\n                        )\n                        ->when(\n                            $failedRowsCount,\n                            fn (\\Filament\\Notifications\\Notification $notification) => $notification->actions([\n                                \\Filament\\Actions\\Action::make('downloadFailedRowsCsv')\n                                    ->label(trans_choice('filament-actions::import.notifications.completed.actions.download_failed_rows_csv.label', $failedRowsCount, [\n                                        'count' => \\Illuminate\\Support\\Number::format($failedRowsCount),\n                                    ]))\n                                    ->color('danger')\n                                    ->url(\\Illuminate\\Support\\Facades\\URL::signedRoute('filament.imports.failed-rows.download', ['authGuard' => $authGuard, 'import' => $import], absolute: false), shouldOpenInNewTab: true)\n                                    ->markAsRead(),\n                            ]),\n                        )\n                        ->when(\n                            ($jobConnection === 'sync') ||\n                            (blank($jobConnection) && (config('queue.default') === 'sync')),\n                            fn (\\Filament\\Notifications\\Notification $notification) => $notification\n                                ->persistent()\n                                ->send(),\n                            fn (\\Filament\\Notifications\\Notification $notification) => $notification->sendToDatabase($import->user, isEventDispatched: true),\n                        );\n                }\";s:5:\"scope\";s:29:\"Filament\\Actions\\ImportAction\";s:4:\"this\";N;s:4:\"self\";s:32:\"0000000000000b300000000000000000\";}\";s:4:\"hash\";s:44:\"tCX/l+nD5kz+QcU/zySOZCKR14jNGlcvkf4T/rzIe2A=\";}}}}","cancelled_at":null,"created_at":1767275199,"finished_at":1767275199},
{"id":"a0bb95f0-7add-49b2-af93-32fd4afcf823","name":"","total_jobs":1,"pending_jobs":0,"failed_jobs":0,"failed_job_ids":"[]","options":"a:2:{s:13:\"allowFailures\";b:1;s:7:\"finally\";a:1:{i:0;O:47:\"Laravel\\SerializableClosure\\SerializableClosure\":1:{s:12:\"serializable\";O:46:\"Laravel\\SerializableClosure\\Serializers\\Signed\":2:{s:12:\"serializable\";s:3658:\"O:46:\"Laravel\\SerializableClosure\\Serializers\\Native\":5:{s:3:\"use\";a:5:{s:9:\"authGuard\";s:3:\"web\";s:9:\"columnMap\";a:3:{s:2:\"id\";s:2:\"id\";s:13:\"province_name\";s:13:\"province_name\";s:10:\"locCountry\";s:14:\"loc_country_id\";}s:6:\"import\";O:45:\"Illuminate\\Contracts\\Database\\ModelIdentifier\":5:{s:5:\"class\";s:38:\"Filament\\Actions\\Imports\\Models\\Import\";s:2:\"id\";i:5;s:9:\"relations\";a:0:{}s:10:\"connection\";s:6:\"sqlite\";s:15:\"collectionClass\";N;}s:13:\"jobConnection\";N;s:7:\"options\";a:0:{}}s:8:\"function\";s:3036:\"function () use ($authGuard, $columnMap, $import, $jobConnection, $options): void {\n                    $import->touch('completed_at');\n\n                    event(new \\Filament\\Actions\\Imports\\Events\\ImportCompleted($import, $columnMap, $options));\n\n                    if (! $import->user instanceof \\Illuminate\\Contracts\\Auth\\Authenticatable) { /** @phpstan-ignore instanceof.alwaysTrue */\n                        return;\n                    }\n\n                    $failedRowsCount = $import->getFailedRowsCount();\n\n                    \\Filament\\Notifications\\Notification::make()\n                        ->title($import->importer::getCompletedNotificationTitle($import))\n                        ->body($import->importer::getCompletedNotificationBody($import))\n                        ->when(\n                            ! $failedRowsCount,\n                            fn (\\Filament\\Notifications\\Notification $notification) => $notification->success(),\n                        )\n                        ->when(\n                            $failedRowsCount && ($failedRowsCount < $import->total_rows),\n                            fn (\\Filament\\Notifications\\Notification $notification) => $notification->warning(),\n                        )\n                        ->when(\n                            $failedRowsCount === $import->total_rows,\n                            fn (\\Filament\\Notifications\\Notification $notification) => $notification->danger(),\n                        )\n                        ->when(\n                            $failedRowsCount,\n                            fn (\\Filament\\Notifications\\Notification $notification) => $notification->actions([\n                                \\Filament\\Actions\\Action::make('downloadFailedRowsCsv')\n                                    ->label(trans_choice('filament-actions::import.notifications.completed.actions.download_failed_rows_csv.label', $failedRowsCount, [\n                                        'count' => \\Illuminate\\Support\\Number::format($failedRowsCount),\n                                    ]))\n                                    ->color('danger')\n                                    ->url(\\Illuminate\\Support\\Facades\\URL::signedRoute('filament.imports.failed-rows.download', ['authGuard' => $authGuard, 'import' => $import], absolute: false), shouldOpenInNewTab: true)\n                                    ->markAsRead(),\n                            ]),\n                        )\n                        ->when(\n                            ($jobConnection === 'sync') ||\n                            (blank($jobConnection) && (config('queue.default') === 'sync')),\n                            fn (\\Filament\\Notifications\\Notification $notification) => $notification\n                                ->persistent()\n                                ->send(),\n                            fn (\\Filament\\Notifications\\Notification $notification) => $notification->sendToDatabase($import->user, isEventDispatched: true),\n                        );\n                }\";s:5:\"scope\";s:29:\"Filament\\Actions\\ImportAction\";s:4:\"this\";N;s:4:\"self\";s:32:\"0000000000000b300000000000000000\";}\";s:4:\"hash\";s:44:\"1plj1TO549wOMWuwRfhlrrakPoFnjG9dL1Mwt12Wu1M=\";}}}}","cancelled_at":null,"created_at":1767275348,"finished_at":1767275352},
{"id":"a0beb492-0593-4704-b170-00c04cbb5d07","name":"","total_jobs":6,"pending_jobs":0,"failed_jobs":0,"failed_job_ids":"[]","options":"a:2:{s:13:\"allowFailures\";b:1;s:7:\"finally\";a:1:{i:0;O:47:\"Laravel\\SerializableClosure\\SerializableClosure\":1:{s:12:\"serializable\";O:46:\"Laravel\\SerializableClosure\\Serializers\\Signed\":2:{s:12:\"serializable\";s:3658:\"O:46:\"Laravel\\SerializableClosure\\Serializers\\Native\":5:{s:3:\"use\";a:5:{s:9:\"authGuard\";s:3:\"web\";s:9:\"columnMap\";a:3:{s:2:\"id\";s:2:\"id\";s:12:\"regency_name\";s:12:\"regency_name\";s:11:\"locProvince\";s:15:\"loc_province_id\";}s:6:\"import\";O:45:\"Illuminate\\Contracts\\Database\\ModelIdentifier\":5:{s:5:\"class\";s:38:\"Filament\\Actions\\Imports\\Models\\Import\";s:2:\"id\";i:6;s:9:\"relations\";a:0:{}s:10:\"connection\";s:6:\"sqlite\";s:15:\"collectionClass\";N;}s:13:\"jobConnection\";N;s:7:\"options\";a:0:{}}s:8:\"function\";s:3036:\"function () use ($authGuard, $columnMap, $import, $jobConnection, $options): void {\n                    $import->touch('completed_at');\n\n                    event(new \\Filament\\Actions\\Imports\\Events\\ImportCompleted($import, $columnMap, $options));\n\n                    if (! $import->user instanceof \\Illuminate\\Contracts\\Auth\\Authenticatable) { /** @phpstan-ignore instanceof.alwaysTrue */\n                        return;\n                    }\n\n                    $failedRowsCount = $import->getFailedRowsCount();\n\n                    \\Filament\\Notifications\\Notification::make()\n                        ->title($import->importer::getCompletedNotificationTitle($import))\n                        ->body($import->importer::getCompletedNotificationBody($import))\n                        ->when(\n                            ! $failedRowsCount,\n                            fn (\\Filament\\Notifications\\Notification $notification) => $notification->success(),\n                        )\n                        ->when(\n                            $failedRowsCount && ($failedRowsCount < $import->total_rows),\n                            fn (\\Filament\\Notifications\\Notification $notification) => $notification->warning(),\n                        )\n                        ->when(\n                            $failedRowsCount === $import->total_rows,\n                            fn (\\Filament\\Notifications\\Notification $notification) => $notification->danger(),\n                        )\n                        ->when(\n                            $failedRowsCount,\n                            fn (\\Filament\\Notifications\\Notification $notification) => $notification->actions([\n                                \\Filament\\Actions\\Action::make('downloadFailedRowsCsv')\n                                    ->label(trans_choice('filament-actions::import.notifications.completed.actions.download_failed_rows_csv.label', $failedRowsCount, [\n                                        'count' => \\Illuminate\\Support\\Number::format($failedRowsCount),\n                                    ]))\n                                    ->color('danger')\n                                    ->url(\\Illuminate\\Support\\Facades\\URL::signedRoute('filament.imports.failed-rows.download', ['authGuard' => $authGuard, 'import' => $import], absolute: false), shouldOpenInNewTab: true)\n                                    ->markAsRead(),\n                            ]),\n                        )\n                        ->when(\n                            ($jobConnection === 'sync') ||\n                            (blank($jobConnection) && (config('queue.default') === 'sync')),\n                            fn (\\Filament\\Notifications\\Notification $notification) => $notification\n                                ->persistent()\n                                ->send(),\n                            fn (\\Filament\\Notifications\\Notification $notification) => $notification->sendToDatabase($import->user, isEventDispatched: true),\n                        );\n                }\";s:5:\"scope\";s:29:\"Filament\\Actions\\ImportAction\";s:4:\"this\";N;s:4:\"self\";s:32:\"0000000000000a480000000000000000\";}\";s:4:\"hash\";s:44:\"kAg1zRZnJRMeJ3ki0CYvvPXnPK10JHaGqa4hTBmjljE=\";}}}}","cancelled_at":null,"created_at":1767409337,"finished_at":1767409344},
{"id":"a0bf670d-b95d-4ff8-9b36-90dd5772b087","name":"","total_jobs":73,"pending_jobs":0,"failed_jobs":0,"failed_job_ids":"[]","options":"a:2:{s:13:\"allowFailures\";b:1;s:7:\"finally\";a:1:{i:0;O:47:\"Laravel\\SerializableClosure\\SerializableClosure\":1:{s:12:\"serializable\";O:46:\"Laravel\\SerializableClosure\\Serializers\\Signed\":2:{s:12:\"serializable\";s:3731:\"O:46:\"Laravel\\SerializableClosure\\Serializers\\Native\":5:{s:3:\"use\";a:5:{s:9:\"authGuard\";s:3:\"web\";s:9:\"columnMap\";a:5:{s:2:\"id\";s:2:\"id\";s:4:\"name\";s:4:\"name\";s:10:\"locRegency\";s:14:\"loc_regency_id\";s:11:\"locProvince\";s:15:\"loc_province_id\";s:13:\"complete_name\";s:22:\"district_complete_name\";}s:6:\"import\";O:45:\"Illuminate\\Contracts\\Database\\ModelIdentifier\":5:{s:5:\"class\";s:38:\"Filament\\Actions\\Imports\\Models\\Import\";s:2:\"id\";i:7;s:9:\"relations\";a:0:{}s:10:\"connection\";s:6:\"sqlite\";s:15:\"collectionClass\";N;}s:13:\"jobConnection\";N;s:7:\"options\";a:0:{}}s:8:\"function\";s:3036:\"function () use ($authGuard, $columnMap, $import, $jobConnection, $options): void {\n                    $import->touch('completed_at');\n\n                    event(new \\Filament\\Actions\\Imports\\Events\\ImportCompleted($import, $columnMap, $options));\n\n                    if (! $import->user instanceof \\Illuminate\\Contracts\\Auth\\Authenticatable) { /** @phpstan-ignore instanceof.alwaysTrue */\n                        return;\n                    }\n\n                    $failedRowsCount = $import->getFailedRowsCount();\n\n                    \\Filament\\Notifications\\Notification::make()\n                        ->title($import->importer::getCompletedNotificationTitle($import))\n                        ->body($import->importer::getCompletedNotificationBody($import))\n                        ->when(\n                            ! $failedRowsCount,\n                            fn (\\Filament\\Notifications\\Notification $notification) => $notification->success(),\n                        )\n                        ->when(\n                            $failedRowsCount && ($failedRowsCount < $import->total_rows),\n                            fn (\\Filament\\Notifications\\Notification $notification) => $notification->warning(),\n                        )\n                        ->when(\n                            $failedRowsCount === $import->total_rows,\n                            fn (\\Filament\\Notifications\\Notification $notification) => $notification->danger(),\n                        )\n                        ->when(\n                            $failedRowsCount,\n                            fn (\\Filament\\Notifications\\Notification $notification) => $notification->actions([\n                                \\Filament\\Actions\\Action::make('downloadFailedRowsCsv')\n                                    ->label(trans_choice('filament-actions::import.notifications.completed.actions.download_failed_rows_csv.label', $failedRowsCount, [\n                                        'count' => \\Illuminate\\Support\\Number::format($failedRowsCount),\n                                    ]))\n                                    ->color('danger')\n                                    ->url(\\Illuminate\\Support\\Facades\\URL::signedRoute('filament.imports.failed-rows.download', ['authGuard' => $authGuard, 'import' => $import], absolute: false), shouldOpenInNewTab: true)\n                                    ->markAsRead(),\n                            ]),\n                        )\n                        ->when(\n                            ($jobConnection === 'sync') ||\n                            (blank($jobConnection) && (config('queue.default') === 'sync')),\n                            fn (\\Filament\\Notifications\\Notification $notification) => $notification\n                                ->persistent()\n                                ->send(),\n                            fn (\\Filament\\Notifications\\Notification $notification) => $notification->sendToDatabase($import->user, isEventDispatched: true),\n                        );\n                }\";s:5:\"scope\";s:29:\"Filament\\Actions\\ImportAction\";s:4:\"this\";N;s:4:\"self\";s:32:\"0000000000000b750000000000000000\";}\";s:4:\"hash\";s:44:\"6JAIjOOe7S0DOJ8ukRu+9NrloPxWhMspB4+4yis5UsU=\";}}}}","cancelled_at":null,"created_at":1767439281,"finished_at":1767439365},
{"id":"a0bf68a4-0500-4e83-8637-2520ae52b7cc","name":"","total_jobs":84,"pending_jobs":0,"failed_jobs":0,"failed_job_ids":"[]","options":"a:2:{s:13:\"allowFailures\";b:1;s:7:\"finally\";a:1:{i:0;O:47:\"Laravel\\SerializableClosure\\SerializableClosure\":1:{s:12:\"serializable\";O:46:\"Laravel\\SerializableClosure\\Serializers\\Signed\":2:{s:12:\"serializable\";s:3662:\"O:46:\"Laravel\\SerializableClosure\\Serializers\\Native\":5:{s:3:\"use\";a:5:{s:9:\"authGuard\";s:3:\"web\";s:9:\"columnMap\";a:4:{s:2:\"id\";s:2:\"id\";s:4:\"name\";s:4:\"name\";s:4:\"type\";s:4:\"type\";s:11:\"locDistrict\";s:15:\"loc_district_id\";}s:6:\"import\";O:45:\"Illuminate\\Contracts\\Database\\ModelIdentifier\":5:{s:5:\"class\";s:38:\"Filament\\Actions\\Imports\\Models\\Import\";s:2:\"id\";i:8;s:9:\"relations\";a:0:{}s:10:\"connection\";s:6:\"sqlite\";s:15:\"collectionClass\";N;}s:13:\"jobConnection\";N;s:7:\"options\";a:0:{}}s:8:\"function\";s:3036:\"function () use ($authGuard, $columnMap, $import, $jobConnection, $options): void {\n                    $import->touch('completed_at');\n\n                    event(new \\Filament\\Actions\\Imports\\Events\\ImportCompleted($import, $columnMap, $options));\n\n                    if (! $import->user instanceof \\Illuminate\\Contracts\\Auth\\Authenticatable) { /** @phpstan-ignore instanceof.alwaysTrue */\n                        return;\n                    }\n\n                    $failedRowsCount = $import->getFailedRowsCount();\n\n                    \\Filament\\Notifications\\Notification::make()\n                        ->title($import->importer::getCompletedNotificationTitle($import))\n                        ->body($import->importer::getCompletedNotificationBody($import))\n                        ->when(\n                            ! $failedRowsCount,\n                            fn (\\Filament\\Notifications\\Notification $notification) => $notification->success(),\n                        )\n                        ->when(\n                            $failedRowsCount && ($failedRowsCount < $import->total_rows),\n                            fn (\\Filament\\Notifications\\Notification $notification) => $notification->warning(),\n                        )\n                        ->when(\n                            $failedRowsCount === $import->total_rows,\n                            fn (\\Filament\\Notifications\\Notification $notification) => $notification->danger(),\n                        )\n                        ->when(\n                            $failedRowsCount,\n                            fn (\\Filament\\Notifications\\Notification $notification) => $notification->actions([\n                                \\Filament\\Actions\\Action::make('downloadFailedRowsCsv')\n                                    ->label(trans_choice('filament-actions::import.notifications.completed.actions.download_failed_rows_csv.label', $failedRowsCount, [\n                                        'count' => \\Illuminate\\Support\\Number::format($failedRowsCount),\n                                    ]))\n                                    ->color('danger')\n                                    ->url(\\Illuminate\\Support\\Facades\\URL::signedRoute('filament.imports.failed-rows.download', ['authGuard' => $authGuard, 'import' => $import], absolute: false), shouldOpenInNewTab: true)\n                                    ->markAsRead(),\n                            ]),\n                        )\n                        ->when(\n                            ($jobConnection === 'sync') ||\n                            (blank($jobConnection) && (config('queue.default') === 'sync')),\n                            fn (\\Filament\\Notifications\\Notification $notification) => $notification\n                                ->persistent()\n                                ->send(),\n                            fn (\\Filament\\Notifications\\Notification $notification) => $notification->sendToDatabase($import->user, isEventDispatched: true),\n                        );\n                }\";s:5:\"scope\";s:29:\"Filament\\Actions\\ImportAction\";s:4:\"this\";N;s:4:\"self\";s:32:\"0000000000000c800000000000000000\";}\";s:4:\"hash\";s:44:\"puJaHK5GXZO3V32gxhjXg1FMWl9Gn+o6jWzixWAUjhQ=\";}}}}","cancelled_at":null,"created_at":1767439547,"finished_at":1767439782},
{"id":"a0c0d9b8-32b3-42a0-a5b1-29029b191c59","name":"","total_jobs":1,"pending_jobs":0,"failed_jobs":0,"failed_job_ids":"[]","options":"a:2:{s:13:\"allowFailures\";b:1;s:7:\"finally\";a:1:{i:0;O:47:\"Laravel\\SerializableClosure\\SerializableClosure\":1:{s:12:\"serializable\";O:46:\"Laravel\\SerializableClosure\\Serializers\\Signed\":2:{s:12:\"serializable\";s:3945:\"O:46:\"Laravel\\SerializableClosure\\Serializers\\Native\":5:{s:3:\"use\";a:5:{s:9:\"authGuard\";s:3:\"web\";s:9:\"columnMap\";a:12:{s:2:\"id\";s:2:\"id\";s:8:\"location\";s:8:\"location\";s:4:\"name\";s:4:\"name\";s:13:\"alphabet_code\";s:13:\"alphabet_code\";s:12:\"numeric_code\";s:12:\"numeric_code\";s:14:\"street_address\";s:14:\"street_address\";s:11:\"locDistrict\";s:15:\"loc_district_id\";s:10:\"locVillage\";s:14:\"loc_village_id\";s:5:\"phone\";s:5:\"phone\";s:5:\"email\";s:5:\"email\";s:7:\"website\";s:7:\"website\";s:9:\"is_active\";s:9:\"is_active\";}s:6:\"import\";O:45:\"Illuminate\\Contracts\\Database\\ModelIdentifier\":5:{s:5:\"class\";s:38:\"Filament\\Actions\\Imports\\Models\\Import\";s:2:\"id\";i:9;s:9:\"relations\";a:0:{}s:10:\"connection\";s:6:\"sqlite\";s:15:\"collectionClass\";N;}s:13:\"jobConnection\";N;s:7:\"options\";a:0:{}}s:8:\"function\";s:3036:\"function () use ($authGuard, $columnMap, $import, $jobConnection, $options): void {\n                    $import->touch('completed_at');\n\n                    event(new \\Filament\\Actions\\Imports\\Events\\ImportCompleted($import, $columnMap, $options));\n\n                    if (! $import->user instanceof \\Illuminate\\Contracts\\Auth\\Authenticatable) { /** @phpstan-ignore instanceof.alwaysTrue */\n                        return;\n                    }\n\n                    $failedRowsCount = $import->getFailedRowsCount();\n\n                    \\Filament\\Notifications\\Notification::make()\n                        ->title($import->importer::getCompletedNotificationTitle($import))\n                        ->body($import->importer::getCompletedNotificationBody($import))\n                        ->when(\n                            ! $failedRowsCount,\n                            fn (\\Filament\\Notifications\\Notification $notification) => $notification->success(),\n                        )\n                        ->when(\n                            $failedRowsCount && ($failedRowsCount < $import->total_rows),\n                            fn (\\Filament\\Notifications\\Notification $notification) => $notification->warning(),\n                        )\n                        ->when(\n                            $failedRowsCount === $import->total_rows,\n                            fn (\\Filament\\Notifications\\Notification $notification) => $notification->danger(),\n                        )\n                        ->when(\n                            $failedRowsCount,\n                            fn (\\Filament\\Notifications\\Notification $notification) => $notification->actions([\n                                \\Filament\\Actions\\Action::make('downloadFailedRowsCsv')\n                                    ->label(trans_choice('filament-actions::import.notifications.completed.actions.download_failed_rows_csv.label', $failedRowsCount, [\n                                        'count' => \\Illuminate\\Support\\Number::format($failedRowsCount),\n                                    ]))\n                                    ->color('danger')\n                                    ->url(\\Illuminate\\Support\\Facades\\URL::signedRoute('filament.imports.failed-rows.download', ['authGuard' => $authGuard, 'import' => $import], absolute: false), shouldOpenInNewTab: true)\n                                    ->markAsRead(),\n                            ]),\n                        )\n                        ->when(\n                            ($jobConnection === 'sync') ||\n                            (blank($jobConnection) && (config('queue.default') === 'sync')),\n                            fn (\\Filament\\Notifications\\Notification $notification) => $notification\n                                ->persistent()\n                                ->send(),\n                            fn (\\Filament\\Notifications\\Notification $notification) => $notification->sendToDatabase($import->user, isEventDispatched: true),\n                        );\n                }\";s:5:\"scope\";s:29:\"Filament\\Actions\\ImportAction\";s:4:\"this\";N;s:4:\"self\";s:32:\"0000000000000d020000000000000000\";}\";s:4:\"hash\";s:44:\"qlvIW0TAijW5ALMzYSjGjT7I1XKrFlwYkHI4/P6jHaE=\";}}}}","cancelled_at":null,"created_at":1767501468,"finished_at":1767501472},
{"id":"a0c0dc7c-438e-4bb3-bbd2-114c05500b47","name":"","total_jobs":1,"pending_jobs":0,"failed_jobs":0,"failed_job_ids":"[]","options":"a:2:{s:13:\"allowFailures\";b:1;s:7:\"finally\";a:1:{i:0;O:47:\"Laravel\\SerializableClosure\\SerializableClosure\":1:{s:12:\"serializable\";O:46:\"Laravel\\SerializableClosure\\Serializers\\Signed\":2:{s:12:\"serializable\";s:3946:\"O:46:\"Laravel\\SerializableClosure\\Serializers\\Native\":5:{s:3:\"use\";a:5:{s:9:\"authGuard\";s:3:\"web\";s:9:\"columnMap\";a:12:{s:2:\"id\";s:2:\"id\";s:8:\"location\";s:8:\"location\";s:4:\"name\";s:4:\"name\";s:13:\"alphabet_code\";s:13:\"alphabet_code\";s:12:\"numeric_code\";s:12:\"numeric_code\";s:14:\"street_address\";s:14:\"street_address\";s:11:\"locDistrict\";s:15:\"loc_district_id\";s:10:\"locVillage\";s:14:\"loc_village_id\";s:5:\"phone\";s:5:\"phone\";s:5:\"email\";s:5:\"email\";s:7:\"website\";s:7:\"website\";s:9:\"is_active\";s:9:\"is_active\";}s:6:\"import\";O:45:\"Illuminate\\Contracts\\Database\\ModelIdentifier\":5:{s:5:\"class\";s:38:\"Filament\\Actions\\Imports\\Models\\Import\";s:2:\"id\";i:10;s:9:\"relations\";a:0:{}s:10:\"connection\";s:6:\"sqlite\";s:15:\"collectionClass\";N;}s:13:\"jobConnection\";N;s:7:\"options\";a:0:{}}s:8:\"function\";s:3036:\"function () use ($authGuard, $columnMap, $import, $jobConnection, $options): void {\n                    $import->touch('completed_at');\n\n                    event(new \\Filament\\Actions\\Imports\\Events\\ImportCompleted($import, $columnMap, $options));\n\n                    if (! $import->user instanceof \\Illuminate\\Contracts\\Auth\\Authenticatable) { /** @phpstan-ignore instanceof.alwaysTrue */\n                        return;\n                    }\n\n                    $failedRowsCount = $import->getFailedRowsCount();\n\n                    \\Filament\\Notifications\\Notification::make()\n                        ->title($import->importer::getCompletedNotificationTitle($import))\n                        ->body($import->importer::getCompletedNotificationBody($import))\n                        ->when(\n                            ! $failedRowsCount,\n                            fn (\\Filament\\Notifications\\Notification $notification) => $notification->success(),\n                        )\n                        ->when(\n                            $failedRowsCount && ($failedRowsCount < $import->total_rows),\n                            fn (\\Filament\\Notifications\\Notification $notification) => $notification->warning(),\n                        )\n                        ->when(\n                            $failedRowsCount === $import->total_rows,\n                            fn (\\Filament\\Notifications\\Notification $notification) => $notification->danger(),\n                        )\n                        ->when(\n                            $failedRowsCount,\n                            fn (\\Filament\\Notifications\\Notification $notification) => $notification->actions([\n                                \\Filament\\Actions\\Action::make('downloadFailedRowsCsv')\n                                    ->label(trans_choice('filament-actions::import.notifications.completed.actions.download_failed_rows_csv.label', $failedRowsCount, [\n                                        'count' => \\Illuminate\\Support\\Number::format($failedRowsCount),\n                                    ]))\n                                    ->color('danger')\n                                    ->url(\\Illuminate\\Support\\Facades\\URL::signedRoute('filament.imports.failed-rows.download', ['authGuard' => $authGuard, 'import' => $import], absolute: false), shouldOpenInNewTab: true)\n                                    ->markAsRead(),\n                            ]),\n                        )\n                        ->when(\n                            ($jobConnection === 'sync') ||\n                            (blank($jobConnection) && (config('queue.default') === 'sync')),\n                            fn (\\Filament\\Notifications\\Notification $notification) => $notification\n                                ->persistent()\n                                ->send(),\n                            fn (\\Filament\\Notifications\\Notification $notification) => $notification->sendToDatabase($import->user, isEventDispatched: true),\n                        );\n                }\";s:5:\"scope\";s:29:\"Filament\\Actions\\ImportAction\";s:4:\"this\";N;s:4:\"self\";s:32:\"0000000000000d020000000000000000\";}\";s:4:\"hash\";s:44:\"FNlDoRZHrRmcDpLPdsvqF88guSV+FNgdwAdkM9JP0aA=\";}}}}","cancelled_at":null,"created_at":1767501932,"finished_at":1767501936},
{"id":"a0c0dea7-724d-4e84-a891-359ae9569747","name":"","total_jobs":1,"pending_jobs":0,"failed_jobs":0,"failed_job_ids":"[]","options":"a:2:{s:13:\"allowFailures\";b:1;s:7:\"finally\";a:1:{i:0;O:47:\"Laravel\\SerializableClosure\\SerializableClosure\":1:{s:12:\"serializable\";O:46:\"Laravel\\SerializableClosure\\Serializers\\Signed\":2:{s:12:\"serializable\";s:3946:\"O:46:\"Laravel\\SerializableClosure\\Serializers\\Native\":5:{s:3:\"use\";a:5:{s:9:\"authGuard\";s:3:\"web\";s:9:\"columnMap\";a:12:{s:2:\"id\";s:2:\"id\";s:8:\"location\";s:8:\"location\";s:4:\"name\";s:4:\"name\";s:13:\"alphabet_code\";s:13:\"alphabet_code\";s:12:\"numeric_code\";s:12:\"numeric_code\";s:14:\"street_address\";s:14:\"street_address\";s:11:\"locDistrict\";s:15:\"loc_district_id\";s:10:\"locVillage\";s:14:\"loc_village_id\";s:5:\"phone\";s:5:\"phone\";s:5:\"email\";s:5:\"email\";s:7:\"website\";s:7:\"website\";s:9:\"is_active\";s:9:\"is_active\";}s:6:\"import\";O:45:\"Illuminate\\Contracts\\Database\\ModelIdentifier\":5:{s:5:\"class\";s:38:\"Filament\\Actions\\Imports\\Models\\Import\";s:2:\"id\";i:11;s:9:\"relations\";a:0:{}s:10:\"connection\";s:6:\"sqlite\";s:15:\"collectionClass\";N;}s:13:\"jobConnection\";N;s:7:\"options\";a:0:{}}s:8:\"function\";s:3036:\"function () use ($authGuard, $columnMap, $import, $jobConnection, $options): void {\n                    $import->touch('completed_at');\n\n                    event(new \\Filament\\Actions\\Imports\\Events\\ImportCompleted($import, $columnMap, $options));\n\n                    if (! $import->user instanceof \\Illuminate\\Contracts\\Auth\\Authenticatable) { /** @phpstan-ignore instanceof.alwaysTrue */\n                        return;\n                    }\n\n                    $failedRowsCount = $import->getFailedRowsCount();\n\n                    \\Filament\\Notifications\\Notification::make()\n                        ->title($import->importer::getCompletedNotificationTitle($import))\n                        ->body($import->importer::getCompletedNotificationBody($import))\n                        ->when(\n                            ! $failedRowsCount,\n                            fn (\\Filament\\Notifications\\Notification $notification) => $notification->success(),\n                        )\n                        ->when(\n                            $failedRowsCount && ($failedRowsCount < $import->total_rows),\n                            fn (\\Filament\\Notifications\\Notification $notification) => $notification->warning(),\n                        )\n                        ->when(\n                            $failedRowsCount === $import->total_rows,\n                            fn (\\Filament\\Notifications\\Notification $notification) => $notification->danger(),\n                        )\n                        ->when(\n                            $failedRowsCount,\n                            fn (\\Filament\\Notifications\\Notification $notification) => $notification->actions([\n                                \\Filament\\Actions\\Action::make('downloadFailedRowsCsv')\n                                    ->label(trans_choice('filament-actions::import.notifications.completed.actions.download_failed_rows_csv.label', $failedRowsCount, [\n                                        'count' => \\Illuminate\\Support\\Number::format($failedRowsCount),\n                                    ]))\n                                    ->color('danger')\n                                    ->url(\\Illuminate\\Support\\Facades\\URL::signedRoute('filament.imports.failed-rows.download', ['authGuard' => $authGuard, 'import' => $import], absolute: false), shouldOpenInNewTab: true)\n                                    ->markAsRead(),\n                            ]),\n                        )\n                        ->when(\n                            ($jobConnection === 'sync') ||\n                            (blank($jobConnection) && (config('queue.default') === 'sync')),\n                            fn (\\Filament\\Notifications\\Notification $notification) => $notification\n                                ->persistent()\n                                ->send(),\n                            fn (\\Filament\\Notifications\\Notification $notification) => $notification->sendToDatabase($import->user, isEventDispatched: true),\n                        );\n                }\";s:5:\"scope\";s:29:\"Filament\\Actions\\ImportAction\";s:4:\"this\";N;s:4:\"self\";s:32:\"0000000000000d020000000000000000\";}\";s:4:\"hash\";s:44:\"YuqDnfm8iebcQVFbOaodq542InzKq7adU4xuozEeZKs=\";}}}}","cancelled_at":null,"created_at":1767502296,"finished_at":1767502298}]
