[{"id":1101,"created_at":"2026-01-03 03:02:20","updated_at":"2026-01-03 03:02:20","name":"Kab. Aceh Selatan","loc_province_id":11},
{"id":1102,"created_at":"2026-01-03 03:02:20","updated_at":"2026-01-03 03:02:20","name":"Kab. Aceh Tenggara","loc_province_id":11},
{"id":1103,"created_at":"2026-01-03 03:02:20","updated_at":"2026-01-03 03:02:20","name":"Kab. Aceh Timur","loc_province_id":11},
{"id":1104,"created_at":"2026-01-03 03:02:20","updated_at":"2026-01-03 03:02:20","name":"Kab. Aceh Tengah","loc_province_id":11},
{"id":1105,"created_at":"2026-01-03 03:02:20","updated_at":"2026-01-03 03:02:20","name":"Kab. Aceh Barat","loc_province_id":11},
{"id":1106,"created_at":"2026-01-03 03:02:20","updated_at":"2026-01-03 03:02:20","name":"Kab. Aceh Besar","loc_province_id":11},
{"id":1107,"created_at":"2026-01-03 03:02:20","updated_at":"2026-01-03 03:02:20","name":"Kab. Pidie","loc_province_id":11},
{"id":1108,"created_at":"2026-01-03 03:02:20","updated_at":"2026-01-03 03:02:20","name":"Kab. Aceh Utara","loc_province_id":11},
{"id":1109,"created_at":"2026-01-03 03:02:20","updated_at":"2026-01-03 03:02:20","name":"Kab. Simeulue","loc_province_id":11},
{"id":1110,"created_at":"2026-01-03 03:02:20","updated_at":"2026-01-03 03:02:20","name":"Kab. Aceh Singkil","loc_province_id":11},
{"id":1111,"created_at":"2026-01-03 03:02:20","updated_at":"2026-01-03 03:02:20","name":"Kab. Bireuen","loc_province_id":11},
{"id":1112,"created_at":"2026-01-03 03:02:20","updated_at":"2026-01-03 03:02:20","name":"Kab. Aceh Barat Daya","loc_province_id":11},
{"id":1113,"created_at":"2026-01-03 03:02:20","updated_at":"2026-01-03 03:02:20","name":"Kab. Gayo Lues","loc_province_id":11},
{"id":1114,"created_at":"2026-01-03 03:02:20","updated_at":"2026-01-03 03:02:20","name":"Kab. Aceh Jaya","loc_province_id":11},
{"id":1115,"created_at":"2026-01-03 03:02:20","updated_at":"2026-01-03 03:02:20","name":"Kab. Nagan Raya","loc_province_id":11},
{"id":1116,"created_at":"2026-01-03 03:02:20","updated_at":"2026-01-03 03:02:20","name":"Kab. Aceh Tamiang","loc_province_id":11},
{"id":1117,"created_at":"2026-01-03 03:02:20","updated_at":"2026-01-03 03:02:20","name":"Kab. Bener Meriah","loc_province_id":11},
{"id":1118,"created_at":"2026-01-03 03:02:20","updated_at":"2026-01-03 03:02:20","name":"Kab. Pidie Jaya","loc_province_id":11},
{"id":1171,"created_at":"2026-01-03 03:02:20","updated_at":"2026-01-03 03:02:20","name":"Kota Banda Aceh","loc_province_id":11},
{"id":1172,"created_at":"2026-01-03 03:02:20","updated_at":"2026-01-03 03:02:20","name":"Kota Sabang","loc_province_id":11},
{"id":1173,"created_at":"2026-01-03 03:02:20","updated_at":"2026-01-03 03:02:20","name":"Kota Lhokseumawe","loc_province_id":11},
{"id":1174,"created_at":"2026-01-03 03:02:20","updated_at":"2026-01-03 03:02:20","name":"Kota Langsa","loc_province_id":11},
{"id":1175,"created_at":"2026-01-03 03:02:20","updated_at":"2026-01-03 03:02:20","name":"Kota Subulussalam","loc_province_id":11},
{"id":1201,"created_at":"2026-01-03 03:02:20","updated_at":"2026-01-03 03:02:20","name":"Kab. Tapanuli Tengah","loc_province_id":12},
{"id":1202,"created_at":"2026-01-03 03:02:20","updated_at":"2026-01-03 03:02:20","name":"Kab. Tapanuli Utara","loc_province_id":12},
{"id":1203,"created_at":"2026-01-03 03:02:20","updated_at":"2026-01-03 03:02:20","name":"Kab. Tapanuli Selatan","loc_province_id":12},
{"id":1204,"created_at":"2026-01-03 03:02:20","updated_at":"2026-01-03 03:02:20","name":"Kab. Nias","loc_province_id":12},
{"id":1205,"created_at":"2026-01-03 03:02:20","updated_at":"2026-01-03 03:02:20","name":"Kab. Langkat","loc_province_id":12},
{"id":1206,"created_at":"2026-01-03 03:02:20","updated_at":"2026-01-03 03:02:20","name":"Kab. Karo","loc_province_id":12},
{"id":1207,"created_at":"2026-01-03 03:02:20","updated_at":"2026-01-03 03:02:20","name":"Kab. Deli Serdang","loc_province_id":12},
{"id":1208,"created_at":"2026-01-03 03:02:20","updated_at":"2026-01-03 03:02:20","name":"Kab. Simalungun","loc_province_id":12},
{"id":1209,"created_at":"2026-01-03 03:02:20","updated_at":"2026-01-03 03:02:20","name":"Kab. Asahan","loc_province_id":12},
{"id":1210,"created_at":"2026-01-03 03:02:20","updated_at":"2026-01-03 03:02:20","name":"Kab. Labuhanbatu","loc_province_id":12},
{"id":1211,"created_at":"2026-01-03 03:02:20","updated_at":"2026-01-03 03:02:20","name":"Kab. Dairi","loc_province_id":12},
{"id":1212,"created_at":"2026-01-03 03:02:20","updated_at":"2026-01-03 03:02:20","name":"Kab. Toba","loc_province_id":12},
{"id":1213,"created_at":"2026-01-03 03:02:20","updated_at":"2026-01-03 03:02:20","name":"Kab. Mandailing Natal","loc_province_id":12},
{"id":1214,"created_at":"2026-01-03 03:02:20","updated_at":"2026-01-03 03:02:20","name":"Kab. Nias Selatan","loc_province_id":12},
{"id":1215,"created_at":"2026-01-03 03:02:20","updated_at":"2026-01-03 03:02:20","name":"Kab. Pakpak Bharat","loc_province_id":12},
{"id":1216,"created_at":"2026-01-03 03:02:20","updated_at":"2026-01-03 03:02:20","name":"Kab. Humbang Hasundutan","loc_province_id":12},
{"id":1217,"created_at":"2026-01-03 03:02:20","updated_at":"2026-01-03 03:02:20","name":"Kab. Samosir","loc_province_id":12},
{"id":1218,"created_at":"2026-01-03 03:02:20","updated_at":"2026-01-03 03:02:20","name":"Kab. Serdang Bedagai","loc_province_id":12},
{"id":1219,"created_at":"2026-01-03 03:02:20","updated_at":"2026-01-03 03:02:20","name":"Kab. Batu Bara","loc_province_id":12},
{"id":1220,"created_at":"2026-01-03 03:02:20","updated_at":"2026-01-03 03:02:20","name":"Kab. Padang Lawas Utara","loc_province_id":12},
{"id":1221,"created_at":"2026-01-03 03:02:20","updated_at":"2026-01-03 03:02:20","name":"Kab. Padang Lawas","loc_province_id":12},
{"id":1222,"created_at":"2026-01-03 03:02:20","updated_at":"2026-01-03 03:02:20","name":"Kab. Labuhanbatu Selatan","loc_province_id":12},
{"id":1223,"created_at":"2026-01-03 03:02:20","updated_at":"2026-01-03 03:02:20","name":"Kab. Labuhanbatu Utara","loc_province_id":12},
{"id":1224,"created_at":"2026-01-03 03:02:20","updated_at":"2026-01-03 03:02:20","name":"Kab. Nias Utara","loc_province_id":12},
{"id":1225,"created_at":"2026-01-03 03:02:20","updated_at":"2026-01-03 03:02:20","name":"Kab. Nias Barat","loc_province_id":12},
{"id":1271,"created_at":"2026-01-03 03:02:20","updated_at":"2026-01-03 03:02:20","name":"Kota Medan","loc_province_id":12},
{"id":1272,"created_at":"2026-01-03 03:02:20","updated_at":"2026-01-03 03:02:20","name":"Kota Pematangsiantar","loc_province_id":12},
{"id":1273,"created_at":"2026-01-03 03:02:20","updated_at":"2026-01-03 03:02:20","name":"Kota Sibolga","loc_province_id":12},
{"id":1274,"created_at":"2026-01-03 03:02:20","updated_at":"2026-01-03 03:02:20","name":"Kota Tanjungbalai","loc_province_id":12},
{"id":1275,"created_at":"2026-01-03 03:02:20","updated_at":"2026-01-03 03:02:20","name":"Kota Binjai","loc_province_id":12},
{"id":1276,"created_at":"2026-01-03 03:02:20","updated_at":"2026-01-03 03:02:20","name":"Kota Tebing Tinggi","loc_province_id":12},
{"id":1277,"created_at":"2026-01-03 03:02:20","updated_at":"2026-01-03 03:02:20","name":"Kota Padangsidimpuan","loc_province_id":12},
{"id":1278,"created_at":"2026-01-03 03:02:20","updated_at":"2026-01-03 03:02:20","name":"Kota Gunungsitoli","loc_province_id":12},
{"id":1301,"created_at":"2026-01-03 03:02:20","updated_at":"2026-01-03 03:02:20","name":"Kab. Pesisir Selatan","loc_province_id":13},
{"id":1302,"created_at":"2026-01-03 03:02:20","updated_at":"2026-01-03 03:02:20","name":"Kab. Solok","loc_province_id":13},
{"id":1303,"created_at":"2026-01-03 03:02:20","updated_at":"2026-01-03 03:02:20","name":"Kab. Sijunjung","loc_province_id":13},
{"id":1304,"created_at":"2026-01-03 03:02:20","updated_at":"2026-01-03 03:02:20","name":"Kab. Tanah Datar","loc_province_id":13},
{"id":1305,"created_at":"2026-01-03 03:02:20","updated_at":"2026-01-03 03:02:20","name":"Kab. Padang Pariaman","loc_province_id":13},
{"id":1306,"created_at":"2026-01-03 03:02:20","updated_at":"2026-01-03 03:02:20","name":"Kab. Agam","loc_province_id":13},
{"id":1307,"created_at":"2026-01-03 03:02:20","updated_at":"2026-01-03 03:02:20","name":"Kab. Lima Puluh Kota","loc_province_id":13},
{"id":1308,"created_at":"2026-01-03 03:02:20","updated_at":"2026-01-03 03:02:20","name":"Kab. Pasaman","loc_province_id":13},
{"id":1309,"created_at":"2026-01-03 03:02:20","updated_at":"2026-01-03 03:02:20","name":"Kab. Kepulauan Mentawai","loc_province_id":13},
{"id":1310,"created_at":"2026-01-03 03:02:20","updated_at":"2026-01-03 03:02:20","name":"Kab. Dharmasraya","loc_province_id":13},
{"id":1311,"created_at":"2026-01-03 03:02:20","updated_at":"2026-01-03 03:02:20","name":"Kab. Solok Selatan","loc_province_id":13},
{"id":1312,"created_at":"2026-01-03 03:02:20","updated_at":"2026-01-03 03:02:20","name":"Kab. Pasaman Barat","loc_province_id":13},
{"id":1371,"created_at":"2026-01-03 03:02:20","updated_at":"2026-01-03 03:02:20","name":"Kota Padang","loc_province_id":13},
{"id":1372,"created_at":"2026-01-03 03:02:20","updated_at":"2026-01-03 03:02:20","name":"Kota Solok","loc_province_id":13},
{"id":1373,"created_at":"2026-01-03 03:02:20","updated_at":"2026-01-03 03:02:20","name":"Kota Sawahlunto","loc_province_id":13},
{"id":1374,"created_at":"2026-01-03 03:02:20","updated_at":"2026-01-03 03:02:20","name":"Kota Padang Panjang","loc_province_id":13},
{"id":1375,"created_at":"2026-01-03 03:02:20","updated_at":"2026-01-03 03:02:20","name":"Kota Bukittinggi","loc_province_id":13},
{"id":1376,"created_at":"2026-01-03 03:02:20","updated_at":"2026-01-03 03:02:20","name":"Kota Payakumbuh","loc_province_id":13},
{"id":1377,"created_at":"2026-01-03 03:02:20","updated_at":"2026-01-03 03:02:20","name":"Kota Pariaman","loc_province_id":13},
{"id":1401,"created_at":"2026-01-03 03:02:20","updated_at":"2026-01-03 03:02:20","name":"Kab. Kampar","loc_province_id":14},
{"id":1402,"created_at":"2026-01-03 03:02:20","updated_at":"2026-01-03 03:02:20","name":"Kab. Indragiri Hulu","loc_province_id":14},
{"id":1403,"created_at":"2026-01-03 03:02:20","updated_at":"2026-01-03 03:02:20","name":"Kab. Bengkalis","loc_province_id":14},
{"id":1404,"created_at":"2026-01-03 03:02:20","updated_at":"2026-01-03 03:02:20","name":"Kab. Indragiri Hilir","loc_province_id":14},
{"id":1405,"created_at":"2026-01-03 03:02:20","updated_at":"2026-01-03 03:02:20","name":"Kab.  Pelalawan","loc_province_id":14},
{"id":1406,"created_at":"2026-01-03 03:02:20","updated_at":"2026-01-03 03:02:20","name":"Kab.  Rokan Hulu","loc_province_id":14},
{"id":1407,"created_at":"2026-01-03 03:02:20","updated_at":"2026-01-03 03:02:20","name":"Kab.  Rokan Hilir","loc_province_id":14},
{"id":1408,"created_at":"2026-01-03 03:02:20","updated_at":"2026-01-03 03:02:20","name":"Kab. Siak","loc_province_id":14},
{"id":1409,"created_at":"2026-01-03 03:02:20","updated_at":"2026-01-03 03:02:20","name":"Kab. Kuantan Singingi","loc_province_id":14},
{"id":1410,"created_at":"2026-01-03 03:02:20","updated_at":"2026-01-03 03:02:20","name":"Kab. Kepulauan Meranti","loc_province_id":14},
{"id":1471,"created_at":"2026-01-03 03:02:20","updated_at":"2026-01-03 03:02:20","name":"Kota Pekanbaru","loc_province_id":14},
{"id":1472,"created_at":"2026-01-03 03:02:20","updated_at":"2026-01-03 03:02:20","name":"Kota Dumai","loc_province_id":14},
{"id":1501,"created_at":"2026-01-03 03:02:20","updated_at":"2026-01-03 03:02:20","name":"Kab.  Kerinci","loc_province_id":15},
{"id":1502,"created_at":"2026-01-03 03:02:20","updated_at":"2026-01-03 03:02:20","name":"Kab.  Merangin","loc_province_id":15},
{"id":1503,"created_at":"2026-01-03 03:02:20","updated_at":"2026-01-03 03:02:20","name":"Kab. Sarolangun","loc_province_id":15},
{"id":1504,"created_at":"2026-01-03 03:02:20","updated_at":"2026-01-03 03:02:20","name":"Kab. Batanghari","loc_province_id":15},
{"id":1505,"created_at":"2026-01-03 03:02:20","updated_at":"2026-01-03 03:02:20","name":"Kab.  Muaro Jambi","loc_province_id":15},
{"id":1506,"created_at":"2026-01-03 03:02:20","updated_at":"2026-01-03 03:02:20","name":"Kab. Tanjung Jabung Barat","loc_province_id":15},
{"id":1507,"created_at":"2026-01-03 03:02:20","updated_at":"2026-01-03 03:02:20","name":"Kab. Tanjung Jabung Timur","loc_province_id":15},
{"id":1508,"created_at":"2026-01-03 03:02:20","updated_at":"2026-01-03 03:02:20","name":"Kab. Bungo","loc_province_id":15},
{"id":1509,"created_at":"2026-01-03 03:02:20","updated_at":"2026-01-03 03:02:20","name":"Kab. Tebo","loc_province_id":15},
{"id":1571,"created_at":"2026-01-03 03:02:20","updated_at":"2026-01-03 03:02:20","name":"Kota Jambi","loc_province_id":15},
{"id":1572,"created_at":"2026-01-03 03:02:20","updated_at":"2026-01-03 03:02:20","name":"Kota Sungai Penuh","loc_province_id":15},
{"id":1601,"created_at":"2026-01-03 03:02:20","updated_at":"2026-01-03 03:02:20","name":"Kab. Ogan Komering Ulu","loc_province_id":16},
{"id":1602,"created_at":"2026-01-03 03:02:20","updated_at":"2026-01-03 03:02:20","name":"Kab. Ogan Komering Ilir","loc_province_id":16},
{"id":1603,"created_at":"2026-01-03 03:02:20","updated_at":"2026-01-03 03:02:20","name":"Kab. Muara Enim","loc_province_id":16},
{"id":1604,"created_at":"2026-01-03 03:02:20","updated_at":"2026-01-03 03:02:20","name":"Kab. Lahat","loc_province_id":16},
{"id":1605,"created_at":"2026-01-03 03:02:20","updated_at":"2026-01-03 03:02:20","name":"Kab. Musi Rawas","loc_province_id":16},
{"id":1606,"created_at":"2026-01-03 03:02:20","updated_at":"2026-01-03 03:02:20","name":"Kab. Musi Banyuasin","loc_province_id":16},
{"id":1607,"created_at":"2026-01-03 03:02:20","updated_at":"2026-01-03 03:02:20","name":"Kab. Banyuasin","loc_province_id":16},
{"id":1608,"created_at":"2026-01-03 03:02:20","updated_at":"2026-01-03 03:02:20","name":"Kab. Ogan Komering Ulu Timur","loc_province_id":16},
{"id":1609,"created_at":"2026-01-03 03:02:20","updated_at":"2026-01-03 03:02:20","name":"Kab. Ogan Komering Ulu Selatan","loc_province_id":16},
{"id":1610,"created_at":"2026-01-03 03:02:20","updated_at":"2026-01-03 03:02:20","name":"Kab. Ogan Ilir","loc_province_id":16},
{"id":1611,"created_at":"2026-01-03 03:02:20","updated_at":"2026-01-03 03:02:20","name":"Kab. Empat Lawang","loc_province_id":16},
{"id":1612,"created_at":"2026-01-03 03:02:20","updated_at":"2026-01-03 03:02:20","name":"Kab. Penukal Abab Lematang Ilir","loc_province_id":16},
{"id":1613,"created_at":"2026-01-03 03:02:20","updated_at":"2026-01-03 03:02:20","name":"Kab. Musi Rawas Utara","loc_province_id":16},
{"id":1671,"created_at":"2026-01-03 03:02:20","updated_at":"2026-01-03 03:02:20","name":"Kota Palembang","loc_province_id":16},
{"id":1672,"created_at":"2026-01-03 03:02:20","updated_at":"2026-01-03 03:02:20","name":"Kota Pagar Alam","loc_province_id":16},
{"id":1673,"created_at":"2026-01-03 03:02:20","updated_at":"2026-01-03 03:02:20","name":"Kota Lubuk Linggau","loc_province_id":16},
{"id":1674,"created_at":"2026-01-03 03:02:21","updated_at":"2026-01-03 03:02:21","name":"Kota Prabumulih","loc_province_id":16},
{"id":1701,"created_at":"2026-01-03 03:02:21","updated_at":"2026-01-03 03:02:21","name":"Kab. Bengkulu Selatan","loc_province_id":17},
{"id":1702,"created_at":"2026-01-03 03:02:21","updated_at":"2026-01-03 03:02:21","name":"Kab. Rejang Lebong","loc_province_id":17},
{"id":1703,"created_at":"2026-01-03 03:02:21","updated_at":"2026-01-03 03:02:21","name":"Kab. Bengkulu Utara","loc_province_id":17},
{"id":1704,"created_at":"2026-01-03 03:02:21","updated_at":"2026-01-03 03:02:21","name":"Kab. Kaur","loc_province_id":17},
{"id":1705,"created_at":"2026-01-03 03:02:21","updated_at":"2026-01-03 03:02:21","name":"Kab. Seluma","loc_province_id":17},
{"id":1706,"created_at":"2026-01-03 03:02:21","updated_at":"2026-01-03 03:02:21","name":"Kab. Mukomuko","loc_province_id":17},
{"id":1707,"created_at":"2026-01-03 03:02:21","updated_at":"2026-01-03 03:02:21","name":"Kab. Lebong","loc_province_id":17},
{"id":1708,"created_at":"2026-01-03 03:02:21","updated_at":"2026-01-03 03:02:21","name":"Kab. Kepahiang","loc_province_id":17},
{"id":1709,"created_at":"2026-01-03 03:02:21","updated_at":"2026-01-03 03:02:21","name":"Kab. Bengkulu Tengah","loc_province_id":17},
{"id":1771,"created_at":"2026-01-03 03:02:21","updated_at":"2026-01-03 03:02:21","name":"Kota Bengkulu","loc_province_id":17},
{"id":1801,"created_at":"2026-01-03 03:02:21","updated_at":"2026-01-03 03:02:21","name":"Kab. Lampung Selatan","loc_province_id":18},
{"id":1802,"created_at":"2026-01-03 03:02:21","updated_at":"2026-01-03 03:02:21","name":"Kab. Lampung Tengah","loc_province_id":18},
{"id":1803,"created_at":"2026-01-03 03:02:21","updated_at":"2026-01-03 03:02:21","name":"Kab. Lampung Utara","loc_province_id":18},
{"id":1804,"created_at":"2026-01-03 03:02:21","updated_at":"2026-01-03 03:02:21","name":"Kab. Lampung Barat","loc_province_id":18},
{"id":1805,"created_at":"2026-01-03 03:02:21","updated_at":"2026-01-03 03:02:21","name":"Kab. Tulang Bawang","loc_province_id":18},
{"id":1806,"created_at":"2026-01-03 03:02:21","updated_at":"2026-01-03 03:02:21","name":"Kab. Tanggamus","loc_province_id":18},
{"id":1807,"created_at":"2026-01-03 03:02:21","updated_at":"2026-01-03 03:02:21","name":"Kab. Lampung Timur","loc_province_id":18},
{"id":1808,"created_at":"2026-01-03 03:02:21","updated_at":"2026-01-03 03:02:21","name":"Kab. Way Kanan","loc_province_id":18},
{"id":1809,"created_at":"2026-01-03 03:02:21","updated_at":"2026-01-03 03:02:21","name":"Kab. Pesawaran","loc_province_id":18},
{"id":1810,"created_at":"2026-01-03 03:02:21","updated_at":"2026-01-03 03:02:21","name":"Kab. Pringsewu","loc_province_id":18},
{"id":1811,"created_at":"2026-01-03 03:02:21","updated_at":"2026-01-03 03:02:21","name":"Kab. Mesuji","loc_province_id":18},
{"id":1812,"created_at":"2026-01-03 03:02:21","updated_at":"2026-01-03 03:02:21","name":"Kab. Tulang Bawang Barat","loc_province_id":18},
{"id":1813,"created_at":"2026-01-03 03:02:21","updated_at":"2026-01-03 03:02:21","name":"Kab. Pesisir Barat","loc_province_id":18},
{"id":1871,"created_at":"2026-01-03 03:02:21","updated_at":"2026-01-03 03:02:21","name":"Kota Bandar Lampung","loc_province_id":18},
{"id":1872,"created_at":"2026-01-03 03:02:21","updated_at":"2026-01-03 03:02:21","name":"Kota Metro","loc_province_id":18},
{"id":1901,"created_at":"2026-01-03 03:02:21","updated_at":"2026-01-03 03:02:21","name":"Kab. Bangka","loc_province_id":19},
{"id":1902,"created_at":"2026-01-03 03:02:21","updated_at":"2026-01-03 03:02:21","name":"Kab. Belitung","loc_province_id":19},
{"id":1903,"created_at":"2026-01-03 03:02:21","updated_at":"2026-01-03 03:02:21","name":"Kab. Bangka Selatan","loc_province_id":19},
{"id":1904,"created_at":"2026-01-03 03:02:21","updated_at":"2026-01-03 03:02:21","name":"Kab. Bangka Tengah","loc_province_id":19},
{"id":1905,"created_at":"2026-01-03 03:02:21","updated_at":"2026-01-03 03:02:21","name":"Kab. Bangka Barat","loc_province_id":19},
{"id":1906,"created_at":"2026-01-03 03:02:21","updated_at":"2026-01-03 03:02:21","name":"Kab. Belitung Timur","loc_province_id":19},
{"id":1971,"created_at":"2026-01-03 03:02:21","updated_at":"2026-01-03 03:02:21","name":"Kota Pangkal Pinang","loc_province_id":19},
{"id":2101,"created_at":"2026-01-03 03:02:21","updated_at":"2026-01-03 03:02:21","name":"Kab. Bintan","loc_province_id":21},
{"id":2102,"created_at":"2026-01-03 03:02:21","updated_at":"2026-01-03 03:02:21","name":"Kab. Karimun","loc_province_id":21},
{"id":2103,"created_at":"2026-01-03 03:02:21","updated_at":"2026-01-03 03:02:21","name":"Kab. Natuna","loc_province_id":21},
{"id":2104,"created_at":"2026-01-03 03:02:21","updated_at":"2026-01-03 03:02:21","name":"Kab. Lingga","loc_province_id":21},
{"id":2105,"created_at":"2026-01-03 03:02:21","updated_at":"2026-01-03 03:02:21","name":"Kab. Kepulauan Anambas","loc_province_id":21},
{"id":2171,"created_at":"2026-01-03 03:02:21","updated_at":"2026-01-03 03:02:21","name":"Kota Batam","loc_province_id":21},
{"id":2172,"created_at":"2026-01-03 03:02:21","updated_at":"2026-01-03 03:02:21","name":"Kota Tanjung Pinang","loc_province_id":21},
{"id":3101,"created_at":"2026-01-03 03:02:21","updated_at":"2026-01-03 03:02:21","name":"Kab. Administrasi Kepulauan Seribu","loc_province_id":31},
{"id":3171,"created_at":"2026-01-03 03:02:21","updated_at":"2026-01-03 03:02:21","name":"Kota Administrasi Jakarta Pusat","loc_province_id":31},
{"id":3172,"created_at":"2026-01-03 03:02:21","updated_at":"2026-01-03 03:02:21","name":"Kota Administrasi Jakarta Utara","loc_province_id":31},
{"id":3173,"created_at":"2026-01-03 03:02:21","updated_at":"2026-01-03 03:02:21","name":"Kota Administrasi Jakarta Barat","loc_province_id":31},
{"id":3174,"created_at":"2026-01-03 03:02:21","updated_at":"2026-01-03 03:02:21","name":"Kota Administrasi Jakarta Selatan","loc_province_id":31},
{"id":3175,"created_at":"2026-01-03 03:02:21","updated_at":"2026-01-03 03:02:21","name":"Kota Administrasi Jakarta Timur","loc_province_id":31},
{"id":3201,"created_at":"2026-01-03 03:02:21","updated_at":"2026-01-03 03:02:21","name":"Kab. Bogor","loc_province_id":32},
{"id":3202,"created_at":"2026-01-03 03:02:21","updated_at":"2026-01-03 03:02:21","name":"Kab. Sukabumi","loc_province_id":32},
{"id":3203,"created_at":"2026-01-03 03:02:21","updated_at":"2026-01-03 03:02:21","name":"Kab. Cianjur","loc_province_id":32},
{"id":3204,"created_at":"2026-01-03 03:02:21","updated_at":"2026-01-03 03:02:21","name":"Kab. Bandung","loc_province_id":32},
{"id":3205,"created_at":"2026-01-03 03:02:21","updated_at":"2026-01-03 03:02:21","name":"Kab. Garut","loc_province_id":32},
{"id":3206,"created_at":"2026-01-03 03:02:21","updated_at":"2026-01-03 03:02:21","name":"Kab. Tasikmalaya","loc_province_id":32},
{"id":3207,"created_at":"2026-01-03 03:02:21","updated_at":"2026-01-03 03:02:21","name":"Kab. Ciamis","loc_province_id":32},
{"id":3208,"created_at":"2026-01-03 03:02:21","updated_at":"2026-01-03 03:02:21","name":"Kab. Kuningan","loc_province_id":32},
{"id":3209,"created_at":"2026-01-03 03:02:21","updated_at":"2026-01-03 03:02:21","name":"Kab. Cirebon","loc_province_id":32},
{"id":3210,"created_at":"2026-01-03 03:02:21","updated_at":"2026-01-03 03:02:21","name":"Kab. Majalengka","loc_province_id":32},
{"id":3211,"created_at":"2026-01-03 03:02:21","updated_at":"2026-01-03 03:02:21","name":"Kab. Sumedang","loc_province_id":32},
{"id":3212,"created_at":"2026-01-03 03:02:21","updated_at":"2026-01-03 03:02:21","name":"Kab. Indramayu","loc_province_id":32},
{"id":3213,"created_at":"2026-01-03 03:02:21","updated_at":"2026-01-03 03:02:21","name":"Kab. Subang","loc_province_id":32},
{"id":3214,"created_at":"2026-01-03 03:02:21","updated_at":"2026-01-03 03:02:21","name":"Kab. Purwakarta","loc_province_id":32},
{"id":3215,"created_at":"2026-01-03 03:02:21","updated_at":"2026-01-03 03:02:21","name":"Kab. Karawang","loc_province_id":32},
{"id":3216,"created_at":"2026-01-03 03:02:21","updated_at":"2026-01-03 03:02:21","name":"Kab. Bekasi","loc_province_id":32},
{"id":3217,"created_at":"2026-01-03 03:02:21","updated_at":"2026-01-03 03:02:21","name":"Kab. Bandung Barat","loc_province_id":32},
{"id":3218,"created_at":"2026-01-03 03:02:21","updated_at":"2026-01-03 03:02:21","name":"Kab. Pangandaran","loc_province_id":32},
{"id":3271,"created_at":"2026-01-03 03:02:21","updated_at":"2026-01-03 03:02:21","name":"Kota Bogor","loc_province_id":32},
{"id":3272,"created_at":"2026-01-03 03:02:21","updated_at":"2026-01-03 03:02:21","name":"Kota Sukabumi","loc_province_id":32},
{"id":3273,"created_at":"2026-01-03 03:02:21","updated_at":"2026-01-03 03:02:21","name":"Kota Bandung","loc_province_id":32},
{"id":3274,"created_at":"2026-01-03 03:02:21","updated_at":"2026-01-03 03:02:21","name":"Kota Cirebon","loc_province_id":32},
{"id":3275,"created_at":"2026-01-03 03:02:21","updated_at":"2026-01-03 03:02:21","name":"Kota Bekasi","loc_province_id":32},
{"id":3276,"created_at":"2026-01-03 03:02:21","updated_at":"2026-01-03 03:02:21","name":"Kota Depok","loc_province_id":32},
{"id":3277,"created_at":"2026-01-03 03:02:21","updated_at":"2026-01-03 03:02:21","name":"Kota Cimahi","loc_province_id":32},
{"id":3278,"created_at":"2026-01-03 03:02:21","updated_at":"2026-01-03 03:02:21","name":"Kota Tasikmalaya","loc_province_id":32},
{"id":3279,"created_at":"2026-01-03 03:02:21","updated_at":"2026-01-03 03:02:21","name":"Kota Banjar","loc_province_id":32},
{"id":3301,"created_at":"2026-01-03 03:02:21","updated_at":"2026-01-03 03:02:21","name":"Kab. Cilacap","loc_province_id":33},
{"id":3302,"created_at":"2026-01-03 03:02:21","updated_at":"2026-01-03 03:02:21","name":"Kab. Banyumas","loc_province_id":33},
{"id":3303,"created_at":"2026-01-03 03:02:21","updated_at":"2026-01-03 03:02:21","name":"Kab. Purbalingga","loc_province_id":33},
{"id":3304,"created_at":"2026-01-03 03:02:21","updated_at":"2026-01-03 03:02:21","name":"Kab. Banjarnegara","loc_province_id":33},
{"id":3305,"created_at":"2026-01-03 03:02:21","updated_at":"2026-01-03 03:02:21","name":"Kab. Kebumen","loc_province_id":33},
{"id":3306,"created_at":"2026-01-03 03:02:21","updated_at":"2026-01-03 03:02:21","name":"Kab. Purworejo","loc_province_id":33},
{"id":3307,"created_at":"2026-01-03 03:02:21","updated_at":"2026-01-03 03:02:21","name":"Kab. Wonosobo","loc_province_id":33},
{"id":3308,"created_at":"2026-01-03 03:02:21","updated_at":"2026-01-03 03:02:21","name":"Kab. Magelang","loc_province_id":33},
{"id":3309,"created_at":"2026-01-03 03:02:21","updated_at":"2026-01-03 03:02:21","name":"Kab. Boyolali","loc_province_id":33},
{"id":3310,"created_at":"2026-01-03 03:02:21","updated_at":"2026-01-03 03:02:21","name":"Kab. Klaten","loc_province_id":33},
{"id":3311,"created_at":"2026-01-03 03:02:21","updated_at":"2026-01-03 03:02:21","name":"Kab. Sukoharjo","loc_province_id":33},
{"id":3312,"created_at":"2026-01-03 03:02:21","updated_at":"2026-01-03 03:02:21","name":"Kab. Wonogiri","loc_province_id":33},
{"id":3313,"created_at":"2026-01-03 03:02:21","updated_at":"2026-01-03 03:02:21","name":"Kab. Karanganyar","loc_province_id":33},
{"id":3314,"created_at":"2026-01-03 03:02:21","updated_at":"2026-01-03 03:02:21","name":"Kab. Sragen","loc_province_id":33},
{"id":3315,"created_at":"2026-01-03 03:02:21","updated_at":"2026-01-03 03:02:21","name":"Kab. Grobogan","loc_province_id":33},
{"id":3316,"created_at":"2026-01-03 03:02:21","updated_at":"2026-01-03 03:02:21","name":"Kab. Blora","loc_province_id":33},
{"id":3317,"created_at":"2026-01-03 03:02:21","updated_at":"2026-01-03 03:02:21","name":"Kab. Rembang","loc_province_id":33},
{"id":3318,"created_at":"2026-01-03 03:02:21","updated_at":"2026-01-03 03:02:21","name":"Kab. Pati","loc_province_id":33},
{"id":3319,"created_at":"2026-01-03 03:02:21","updated_at":"2026-01-03 03:02:21","name":"Kab. Kudus","loc_province_id":33},
{"id":3320,"created_at":"2026-01-03 03:02:21","updated_at":"2026-01-03 03:02:21","name":"Kab. Jepara","loc_province_id":33},
{"id":3321,"created_at":"2026-01-03 03:02:21","updated_at":"2026-01-03 03:02:21","name":"Kab. Demak","loc_province_id":33},
{"id":3322,"created_at":"2026-01-03 03:02:21","updated_at":"2026-01-03 03:02:21","name":"Kab. Semarang","loc_province_id":33},
{"id":3323,"created_at":"2026-01-03 03:02:21","updated_at":"2026-01-03 03:02:21","name":"Kab. Temanggung","loc_province_id":33},
{"id":3324,"created_at":"2026-01-03 03:02:21","updated_at":"2026-01-03 03:02:21","name":"Kab. Kendal","loc_province_id":33},
{"id":3325,"created_at":"2026-01-03 03:02:21","updated_at":"2026-01-03 03:02:21","name":"Kab. Batang","loc_province_id":33},
{"id":3326,"created_at":"2026-01-03 03:02:21","updated_at":"2026-01-03 03:02:21","name":"Kab. Pekalongan","loc_province_id":33},
{"id":3327,"created_at":"2026-01-03 03:02:21","updated_at":"2026-01-03 03:02:21","name":"Kab. Pemalang","loc_province_id":33},
{"id":3328,"created_at":"2026-01-03 03:02:21","updated_at":"2026-01-03 03:02:21","name":"Kab. Tegal","loc_province_id":33},
{"id":3329,"created_at":"2026-01-03 03:02:21","updated_at":"2026-01-03 03:02:21","name":"Kab. Brebes","loc_province_id":33},
{"id":3371,"created_at":"2026-01-03 03:02:21","updated_at":"2026-01-03 03:02:21","name":"Kota Magelang","loc_province_id":33},
{"id":3372,"created_at":"2026-01-03 03:02:21","updated_at":"2026-01-03 03:02:21","name":"Kota Surakarta","loc_province_id":33},
{"id":3373,"created_at":"2026-01-03 03:02:21","updated_at":"2026-01-03 03:02:21","name":"Kota Salatiga","loc_province_id":33},
{"id":3374,"created_at":"2026-01-03 03:02:21","updated_at":"2026-01-03 03:02:21","name":"Kota Semarang","loc_province_id":33},
{"id":3375,"created_at":"2026-01-03 03:02:21","updated_at":"2026-01-03 03:02:21","name":"Kota Pekalongan","loc_province_id":33},
{"id":3376,"created_at":"2026-01-03 03:02:21","updated_at":"2026-01-03 03:02:21","name":"Kota Tegal","loc_province_id":33},
{"id":3401,"created_at":"2026-01-03 03:02:21","updated_at":"2026-01-03 03:02:21","name":"Kab. Kulon Progo","loc_province_id":34},
{"id":3402,"created_at":"2026-01-03 03:02:21","updated_at":"2026-01-03 03:02:21","name":"Kab. Bantul","loc_province_id":34},
{"id":3403,"created_at":"2026-01-03 03:02:21","updated_at":"2026-01-03 03:02:21","name":"Kab. Gunungkidul","loc_province_id":34},
{"id":3404,"created_at":"2026-01-03 03:02:21","updated_at":"2026-01-03 03:02:21","name":"Kab. Sleman","loc_province_id":34},
{"id":3471,"created_at":"2026-01-03 03:02:21","updated_at":"2026-01-03 03:02:21","name":"Kota Yogyakarta","loc_province_id":34},
{"id":3501,"created_at":"2026-01-03 03:02:21","updated_at":"2026-01-03 03:02:21","name":"Kab. Pacitan","loc_province_id":35},
{"id":3502,"created_at":"2026-01-03 03:02:21","updated_at":"2026-01-03 03:02:21","name":"Kab. Ponorogo","loc_province_id":35},
{"id":3503,"created_at":"2026-01-03 03:02:21","updated_at":"2026-01-03 03:02:21","name":"Kab. Trenggalek","loc_province_id":35},
{"id":3504,"created_at":"2026-01-03 03:02:21","updated_at":"2026-01-03 03:02:21","name":"Kab. Tulungagung","loc_province_id":35},
{"id":3505,"created_at":"2026-01-03 03:02:21","updated_at":"2026-01-03 03:02:21","name":"Kab. Blitar","loc_province_id":35},
{"id":3506,"created_at":"2026-01-03 03:02:21","updated_at":"2026-01-03 03:02:21","name":"Kab. Kediri","loc_province_id":35},
{"id":3507,"created_at":"2026-01-03 03:02:21","updated_at":"2026-01-03 03:02:21","name":"Kab. Malang","loc_province_id":35},
{"id":3508,"created_at":"2026-01-03 03:02:21","updated_at":"2026-01-03 03:02:21","name":"Kab. Lumajang","loc_province_id":35},
{"id":3509,"created_at":"2026-01-03 03:02:21","updated_at":"2026-01-03 03:02:21","name":"Kab. Jember","loc_province_id":35},
{"id":3510,"created_at":"2026-01-03 03:02:21","updated_at":"2026-01-03 03:02:21","name":"Kab. Banyuwangi","loc_province_id":35},
{"id":3511,"created_at":"2026-01-03 03:02:21","updated_at":"2026-01-03 03:02:21","name":"Kab. Bondowoso","loc_province_id":35},
{"id":3512,"created_at":"2026-01-03 03:02:21","updated_at":"2026-01-03 03:02:21","name":"Kab. Situbondo","loc_province_id":35},
{"id":3513,"created_at":"2026-01-03 03:02:21","updated_at":"2026-01-03 03:02:21","name":"Kab. Probolinggo","loc_province_id":35},
{"id":3514,"created_at":"2026-01-03 03:02:21","updated_at":"2026-01-03 03:02:21","name":"Kab. Pasuruan","loc_province_id":35},
{"id":3515,"created_at":"2026-01-03 03:02:21","updated_at":"2026-01-03 03:02:21","name":"Kab. Sidoarjo","loc_province_id":35},
{"id":3516,"created_at":"2026-01-03 03:02:21","updated_at":"2026-01-03 03:02:21","name":"Kab. Mojokerto","loc_province_id":35},
{"id":3517,"created_at":"2026-01-03 03:02:21","updated_at":"2026-01-03 03:02:21","name":"Kab. Jombang","loc_province_id":35},
{"id":3518,"created_at":"2026-01-03 03:02:21","updated_at":"2026-01-03 03:02:21","name":"Kab. Nganjuk","loc_province_id":35},
{"id":3519,"created_at":"2026-01-03 03:02:21","updated_at":"2026-01-03 03:02:21","name":"Kab. Madiun","loc_province_id":35},
{"id":3520,"created_at":"2026-01-03 03:02:21","updated_at":"2026-01-03 03:02:21","name":"Kab. Magetan","loc_province_id":35},
{"id":3521,"created_at":"2026-01-03 03:02:21","updated_at":"2026-01-03 03:02:21","name":"Kab. Ngawi","loc_province_id":35},
{"id":3522,"created_at":"2026-01-03 03:02:21","updated_at":"2026-01-03 03:02:21","name":"Kab. Bojonegoro","loc_province_id":35},
{"id":3523,"created_at":"2026-01-03 03:02:21","updated_at":"2026-01-03 03:02:21","name":"Kab. Tuban","loc_province_id":35},
{"id":3524,"created_at":"2026-01-03 03:02:21","updated_at":"2026-01-03 03:02:21","name":"Kab. Lamongan","loc_province_id":35},
{"id":3525,"created_at":"2026-01-03 03:02:21","updated_at":"2026-01-03 03:02:21","name":"Kab. Gresik","loc_province_id":35},
{"id":3526,"created_at":"2026-01-03 03:02:21","updated_at":"2026-01-03 03:02:21","name":"Kab. Bangkalan","loc_province_id":35},
{"id":3527,"created_at":"2026-01-03 03:02:21","updated_at":"2026-01-03 03:02:21","name":"Kab. Sampang","loc_province_id":35},
{"id":3528,"created_at":"2026-01-03 03:02:21","updated_at":"2026-01-03 03:02:21","name":"Kab. Pamekasan","loc_province_id":35},
{"id":3529,"created_at":"2026-01-03 03:02:21","updated_at":"2026-01-03 03:02:21","name":"Kab. Sumenep","loc_province_id":35},
{"id":3571,"created_at":"2026-01-03 03:02:21","updated_at":"2026-01-03 03:02:21","name":"Kota Kediri","loc_province_id":35},
{"id":3572,"created_at":"2026-01-03 03:02:21","updated_at":"2026-01-03 03:02:21","name":"Kota Blitar","loc_province_id":35},
{"id":3573,"created_at":"2026-01-03 03:02:21","updated_at":"2026-01-03 03:02:21","name":"Kota Malang","loc_province_id":35},
{"id":3574,"created_at":"2026-01-03 03:02:21","updated_at":"2026-01-03 03:02:21","name":"Kota Probolinggo","loc_province_id":35},
{"id":3575,"created_at":"2026-01-03 03:02:21","updated_at":"2026-01-03 03:02:21","name":"Kota Pasuruan","loc_province_id":35},
{"id":3576,"created_at":"2026-01-03 03:02:21","updated_at":"2026-01-03 03:02:21","name":"Kota Mojokerto","loc_province_id":35},
{"id":3577,"created_at":"2026-01-03 03:02:21","updated_at":"2026-01-03 03:02:21","name":"Kota Madiun","loc_province_id":35},
{"id":3578,"created_at":"2026-01-03 03:02:21","updated_at":"2026-01-03 03:02:21","name":"Kota Surabaya","loc_province_id":35},
{"id":3579,"created_at":"2026-01-03 03:02:21","updated_at":"2026-01-03 03:02:21","name":"Kota Batu","loc_province_id":35},
{"id":3601,"created_at":"2026-01-03 03:02:21","updated_at":"2026-01-03 03:02:21","name":"Kab. Pandeglang","loc_province_id":36},
{"id":3602,"created_at":"2026-01-03 03:02:21","updated_at":"2026-01-03 03:02:21","name":"Kab. Lebak","loc_province_id":36},
{"id":3603,"created_at":"2026-01-03 03:02:21","updated_at":"2026-01-03 03:02:21","name":"Kab. Tangerang","loc_province_id":36},
{"id":3604,"created_at":"2026-01-03 03:02:21","updated_at":"2026-01-03 03:02:21","name":"Kab. Serang","loc_province_id":36},
{"id":3671,"created_at":"2026-01-03 03:02:21","updated_at":"2026-01-03 03:02:21","name":"Kota Tangerang","loc_province_id":36},
{"id":3672,"created_at":"2026-01-03 03:02:21","updated_at":"2026-01-03 03:02:21","name":"Kota Cilegon","loc_province_id":36},
{"id":3673,"created_at":"2026-01-03 03:02:21","updated_at":"2026-01-03 03:02:21","name":"Kota Serang","loc_province_id":36},
{"id":3674,"created_at":"2026-01-03 03:02:21","updated_at":"2026-01-03 03:02:21","name":"Kota Tangerang Selatan","loc_province_id":36},
{"id":5101,"created_at":"2026-01-03 03:02:21","updated_at":"2026-01-03 03:02:21","name":"Kab. Jembrana","loc_province_id":51},
{"id":5102,"created_at":"2026-01-03 03:02:21","updated_at":"2026-01-03 03:02:21","name":"Kab. Tabanan","loc_province_id":51},
{"id":5103,"created_at":"2026-01-03 03:02:21","updated_at":"2026-01-03 03:02:21","name":"Kab. Badung","loc_province_id":51},
{"id":5104,"created_at":"2026-01-03 03:02:21","updated_at":"2026-01-03 03:02:21","name":"Kab. Gianyar","loc_province_id":51},
{"id":5105,"created_at":"2026-01-03 03:02:21","updated_at":"2026-01-03 03:02:21","name":"Kab. Klungkung","loc_province_id":51},
{"id":5106,"created_at":"2026-01-03 03:02:21","updated_at":"2026-01-03 03:02:21","name":"Kab. Bangli","loc_province_id":51},
{"id":5107,"created_at":"2026-01-03 03:02:21","updated_at":"2026-01-03 03:02:21","name":"Kab. Karangasem","loc_province_id":51},
{"id":5108,"created_at":"2026-01-03 03:02:21","updated_at":"2026-01-03 03:02:21","name":"Kab. Buleleng","loc_province_id":51},
{"id":5171,"created_at":"2026-01-03 03:02:21","updated_at":"2026-01-03 03:02:21","name":"Kota Denpasar","loc_province_id":51},
{"id":5201,"created_at":"2026-01-03 03:02:21","updated_at":"2026-01-03 03:02:21","name":"Kab. Lombok Barat","loc_province_id":52},
{"id":5202,"created_at":"2026-01-03 03:02:21","updated_at":"2026-01-03 03:02:21","name":"Kab. Lombok Tengah","loc_province_id":52},
{"id":5203,"created_at":"2026-01-03 03:02:21","updated_at":"2026-01-03 03:02:21","name":"Kab. Lombok Timur","loc_province_id":52},
{"id":5204,"created_at":"2026-01-03 03:02:21","updated_at":"2026-01-03 03:02:21","name":"Kab. Sumbawa","loc_province_id":52},
{"id":5205,"created_at":"2026-01-03 03:02:21","updated_at":"2026-01-03 03:02:21","name":"Kab. Dompu","loc_province_id":52},
{"id":5206,"created_at":"2026-01-03 03:02:21","updated_at":"2026-01-03 03:02:21","name":"Kab. Bima","loc_province_id":52},
{"id":5207,"created_at":"2026-01-03 03:02:21","updated_at":"2026-01-03 03:02:21","name":"Kab. Sumbawa Barat","loc_province_id":52},
{"id":5208,"created_at":"2026-01-03 03:02:21","updated_at":"2026-01-03 03:02:21","name":"Kab. Lombok Utara","loc_province_id":52},
{"id":5271,"created_at":"2026-01-03 03:02:21","updated_at":"2026-01-03 03:02:21","name":"Kota Mataram","loc_province_id":52},
{"id":5272,"created_at":"2026-01-03 03:02:21","updated_at":"2026-01-03 03:02:21","name":"Kota Bima","loc_province_id":52},
{"id":5301,"created_at":"2026-01-03 03:02:21","updated_at":"2026-01-03 03:02:21","name":"Kab. Kupang","loc_province_id":53},
{"id":5302,"created_at":"2026-01-03 03:02:21","updated_at":"2026-01-03 03:02:21","name":"Kab Timor Tengah Selatan","loc_province_id":53},
{"id":5303,"created_at":"2026-01-03 03:02:21","updated_at":"2026-01-03 03:02:21","name":"Kab. Timor Tengah Utara","loc_province_id":53},
{"id":5304,"created_at":"2026-01-03 03:02:21","updated_at":"2026-01-03 03:02:21","name":"Kab. Belu","loc_province_id":53},
{"id":5305,"created_at":"2026-01-03 03:02:21","updated_at":"2026-01-03 03:02:21","name":"Kab. Alor","loc_province_id":53},
{"id":5306,"created_at":"2026-01-03 03:02:21","updated_at":"2026-01-03 03:02:21","name":"Kab. Flores Timur","loc_province_id":53},
{"id":5307,"created_at":"2026-01-03 03:02:21","updated_at":"2026-01-03 03:02:21","name":"Kab. Sikka","loc_province_id":53},
{"id":5308,"created_at":"2026-01-03 03:02:21","updated_at":"2026-01-03 03:02:21","name":"Kab. Ende","loc_province_id":53},
{"id":5309,"created_at":"2026-01-03 03:02:22","updated_at":"2026-01-03 03:02:22","name":"Kab. Ngada","loc_province_id":53},
{"id":5310,"created_at":"2026-01-03 03:02:22","updated_at":"2026-01-03 03:02:22","name":"Kab. Manggarai","loc_province_id":53},
{"id":5311,"created_at":"2026-01-03 03:02:22","updated_at":"2026-01-03 03:02:22","name":"Kab. Sumba Timur","loc_province_id":53},
{"id":5312,"created_at":"2026-01-03 03:02:22","updated_at":"2026-01-03 03:02:22","name":"Kab. Sumba Barat","loc_province_id":53},
{"id":5313,"created_at":"2026-01-03 03:02:22","updated_at":"2026-01-03 03:02:22","name":"Kab. Lembata","loc_province_id":53},
{"id":5314,"created_at":"2026-01-03 03:02:22","updated_at":"2026-01-03 03:02:22","name":"Kab. Rote Ndao","loc_province_id":53},
{"id":5315,"created_at":"2026-01-03 03:02:22","updated_at":"2026-01-03 03:02:22","name":"Kab. Manggarai Barat","loc_province_id":53},
{"id":5316,"created_at":"2026-01-03 03:02:22","updated_at":"2026-01-03 03:02:22","name":"Kab. Nagekeo","loc_province_id":53},
{"id":5317,"created_at":"2026-01-03 03:02:22","updated_at":"2026-01-03 03:02:22","name":"Kab. Sumba Tengah","loc_province_id":53},
{"id":5318,"created_at":"2026-01-03 03:02:22","updated_at":"2026-01-03 03:02:22","name":"Kab. Sumba Barat Daya","loc_province_id":53},
{"id":5319,"created_at":"2026-01-03 03:02:22","updated_at":"2026-01-03 03:02:22","name":"Kab. Manggarai Timur","loc_province_id":53},
{"id":5320,"created_at":"2026-01-03 03:02:22","updated_at":"2026-01-03 03:02:22","name":"Kab. Sabu Raijua","loc_province_id":53},
{"id":5321,"created_at":"2026-01-03 03:02:22","updated_at":"2026-01-03 03:02:22","name":"Kab. Malaka","loc_province_id":53},
{"id":5371,"created_at":"2026-01-03 03:02:22","updated_at":"2026-01-03 03:02:22","name":"Kota Kupang","loc_province_id":53},
{"id":6101,"created_at":"2026-01-03 03:02:22","updated_at":"2026-01-03 03:02:22","name":"Kab. Sambas","loc_province_id":61},
{"id":6102,"created_at":"2026-01-03 03:02:22","updated_at":"2026-01-03 03:02:22","name":"Kab. Mempawah","loc_province_id":61},
{"id":6103,"created_at":"2026-01-03 03:02:22","updated_at":"2026-01-03 03:02:22","name":"Kab. Sanggau","loc_province_id":61},
{"id":6104,"created_at":"2026-01-03 03:02:22","updated_at":"2026-01-03 03:02:22","name":"Kab. Ketapang","loc_province_id":61},
{"id":6105,"created_at":"2026-01-03 03:02:22","updated_at":"2026-01-03 03:02:22","name":"Kab. Sintang","loc_province_id":61},
{"id":6106,"created_at":"2026-01-03 03:02:22","updated_at":"2026-01-03 03:02:22","name":"Kab. Kapuas Hulu","loc_province_id":61},
{"id":6107,"created_at":"2026-01-03 03:02:22","updated_at":"2026-01-03 03:02:22","name":"Kab. Bengkayang","loc_province_id":61},
{"id":6108,"created_at":"2026-01-03 03:02:22","updated_at":"2026-01-03 03:02:22","name":"Kab. Landak","loc_province_id":61},
{"id":6109,"created_at":"2026-01-03 03:02:22","updated_at":"2026-01-03 03:02:22","name":"Kab. Sekadau","loc_province_id":61},
{"id":6110,"created_at":"2026-01-03 03:02:22","updated_at":"2026-01-03 03:02:22","name":"Kab. Melawi","loc_province_id":61},
{"id":6111,"created_at":"2026-01-03 03:02:22","updated_at":"2026-01-03 03:02:22","name":"Kab. Kayong Utara","loc_province_id":61},
{"id":6112,"created_at":"2026-01-03 03:02:22","updated_at":"2026-01-03 03:02:22","name":"Kab. Kubu Raya","loc_province_id":61},
{"id":6171,"created_at":"2026-01-03 03:02:22","updated_at":"2026-01-03 03:02:22","name":"Kota Pontianak","loc_province_id":61},
{"id":6172,"created_at":"2026-01-03 03:02:22","updated_at":"2026-01-03 03:02:22","name":"Kota Singkawang","loc_province_id":61},
{"id":6201,"created_at":"2026-01-03 03:02:22","updated_at":"2026-01-03 03:02:22","name":"Kab. Kotawaringin Barat","loc_province_id":62},
{"id":6202,"created_at":"2026-01-03 03:02:22","updated_at":"2026-01-03 03:02:22","name":"Kab. Kotawaringin Timur","loc_province_id":62},
{"id":6203,"created_at":"2026-01-03 03:02:22","updated_at":"2026-01-03 03:02:22","name":"Kab. Kapuas","loc_province_id":62},
{"id":6204,"created_at":"2026-01-03 03:02:22","updated_at":"2026-01-03 03:02:22","name":"Kab. Barito Selatan","loc_province_id":62},
{"id":6205,"created_at":"2026-01-03 03:02:22","updated_at":"2026-01-03 03:02:22","name":"Kab. Barito Utara","loc_province_id":62},
{"id":6206,"created_at":"2026-01-03 03:02:22","updated_at":"2026-01-03 03:02:22","name":"Kab. Katingan","loc_province_id":62},
{"id":6207,"created_at":"2026-01-03 03:02:22","updated_at":"2026-01-03 03:02:22","name":"Kab. Seruyan","loc_province_id":62},
{"id":6208,"created_at":"2026-01-03 03:02:22","updated_at":"2026-01-03 03:02:22","name":"Kab. Sukamara","loc_province_id":62},
{"id":6209,"created_at":"2026-01-03 03:02:22","updated_at":"2026-01-03 03:02:22","name":"Kab. Lamandau","loc_province_id":62},
{"id":6210,"created_at":"2026-01-03 03:02:22","updated_at":"2026-01-03 03:02:22","name":"Kab. Gunung Mas","loc_province_id":62},
{"id":6211,"created_at":"2026-01-03 03:02:22","updated_at":"2026-01-03 03:02:22","name":"Kab. Pulang Pisau","loc_province_id":62},
{"id":6212,"created_at":"2026-01-03 03:02:22","updated_at":"2026-01-03 03:02:22","name":"Kab. Murung Raya","loc_province_id":62},
{"id":6213,"created_at":"2026-01-03 03:02:22","updated_at":"2026-01-03 03:02:22","name":"Kab. Barito Timur","loc_province_id":62},
{"id":6271,"created_at":"2026-01-03 03:02:22","updated_at":"2026-01-03 03:02:22","name":"Kota Palangkaraya","loc_province_id":62},
{"id":6301,"created_at":"2026-01-03 03:02:22","updated_at":"2026-01-03 03:02:22","name":"Kab. Tanah Laut","loc_province_id":63},
{"id":6302,"created_at":"2026-01-03 03:02:22","updated_at":"2026-01-03 03:02:22","name":"Kab. Kotabaru","loc_province_id":63},
{"id":6303,"created_at":"2026-01-03 03:02:22","updated_at":"2026-01-03 03:02:22","name":"Kab. Banjar","loc_province_id":63},
{"id":6304,"created_at":"2026-01-03 03:02:22","updated_at":"2026-01-03 03:02:22","name":"Kab. Barito Kuala","loc_province_id":63},
{"id":6305,"created_at":"2026-01-03 03:02:22","updated_at":"2026-01-03 03:02:22","name":"Kab. Tapin","loc_province_id":63},
{"id":6306,"created_at":"2026-01-03 03:02:22","updated_at":"2026-01-03 03:02:22","name":"Kab. Hulu Sungai Selatan","loc_province_id":63},
{"id":6307,"created_at":"2026-01-03 03:02:22","updated_at":"2026-01-03 03:02:22","name":"Kab. Hulu Sungai Tengah","loc_province_id":63},
{"id":6308,"created_at":"2026-01-03 03:02:22","updated_at":"2026-01-03 03:02:22","name":"Kab. Hulu Sungai Utara","loc_province_id":63},
{"id":6309,"created_at":"2026-01-03 03:02:22","updated_at":"2026-01-03 03:02:22","name":"Kab. Tabalong","loc_province_id":63},
{"id":6310,"created_at":"2026-01-03 03:02:22","updated_at":"2026-01-03 03:02:22","name":"Kab. Tanah Bumbu","loc_province_id":63},
{"id":6311,"created_at":"2026-01-03 03:02:22","updated_at":"2026-01-03 03:02:22","name":"Kab. Balangan","loc_province_id":63},
{"id":6371,"created_at":"2026-01-03 03:02:22","updated_at":"2026-01-03 03:02:22","name":"Kota Banjarmasin","loc_province_id":63},
{"id":6372,"created_at":"2026-01-03 03:02:22","updated_at":"2026-01-03 03:02:22","name":"Kota Banjarbaru","loc_province_id":63},
{"id":6401,"created_at":"2026-01-03 03:02:22","updated_at":"2026-01-03 03:02:22","name":"Kab. Paser","loc_province_id":64},
{"id":6402,"created_at":"2026-01-03 03:02:22","updated_at":"2026-01-03 03:02:22","name":"Kab. Kutai Kartanegara","loc_province_id":64},
{"id":6403,"created_at":"2026-01-03 03:02:22","updated_at":"2026-01-03 03:02:22","name":"Kab. Berau","loc_province_id":64},
{"id":6407,"created_at":"2026-01-03 03:02:22","updated_at":"2026-01-03 03:02:22","name":"Kab. Kutai Barat","loc_province_id":64},
{"id":6408,"created_at":"2026-01-03 03:02:22","updated_at":"2026-01-03 03:02:22","name":"Kab. Kutai Timur","loc_province_id":64},
{"id":6409,"created_at":"2026-01-03 03:02:22","updated_at":"2026-01-03 03:02:22","name":"Kab. Penajam Paser Utara","loc_province_id":64},
{"id":6411,"created_at":"2026-01-03 03:02:22","updated_at":"2026-01-03 03:02:22","name":"Kab. Mahakam Ulu","loc_province_id":64},
{"id":6471,"created_at":"2026-01-03 03:02:22","updated_at":"2026-01-03 03:02:22","name":"Kota Balikpapan","loc_province_id":64},
{"id":6472,"created_at":"2026-01-03 03:02:22","updated_at":"2026-01-03 03:02:22","name":"Kota Samarinda","loc_province_id":64},
{"id":6474,"created_at":"2026-01-03 03:02:22","updated_at":"2026-01-03 03:02:22","name":"Kota Bontang","loc_province_id":64},
{"id":6501,"created_at":"2026-01-03 03:02:22","updated_at":"2026-01-03 03:02:22","name":"Kab. Bulungan","loc_province_id":65},
{"id":6502,"created_at":"2026-01-03 03:02:22","updated_at":"2026-01-03 03:02:22","name":"Kab. Malinau","loc_province_id":65},
{"id":6503,"created_at":"2026-01-03 03:02:22","updated_at":"2026-01-03 03:02:22","name":"Kab. Nunukan","loc_province_id":65},
{"id":6504,"created_at":"2026-01-03 03:02:22","updated_at":"2026-01-03 03:02:22","name":"Kab. Tana Tidung","loc_province_id":65},
{"id":6571,"created_at":"2026-01-03 03:02:22","updated_at":"2026-01-03 03:02:22","name":"Kota Tarakan","loc_province_id":65},
{"id":7101,"created_at":"2026-01-03 03:02:22","updated_at":"2026-01-03 03:02:22","name":"Kab. Bolaang Mongondow","loc_province_id":71},
{"id":7102,"created_at":"2026-01-03 03:02:22","updated_at":"2026-01-03 03:02:22","name":"Kab. Minahasa","loc_province_id":71},
{"id":7103,"created_at":"2026-01-03 03:02:22","updated_at":"2026-01-03 03:02:22","name":"Kab. Kepulauan Sangihe","loc_province_id":71},
{"id":7104,"created_at":"2026-01-03 03:02:22","updated_at":"2026-01-03 03:02:22","name":"Kab. Kepulauan Talaud","loc_province_id":71},
{"id":7105,"created_at":"2026-01-03 03:02:22","updated_at":"2026-01-03 03:02:22","name":"Kab. Minahasa Selatan","loc_province_id":71},
{"id":7106,"created_at":"2026-01-03 03:02:22","updated_at":"2026-01-03 03:02:22","name":"Kab. Minahasa Utara","loc_province_id":71},
{"id":7107,"created_at":"2026-01-03 03:02:22","updated_at":"2026-01-03 03:02:22","name":"Kab. Minahasa Tenggara","loc_province_id":71},
{"id":7108,"created_at":"2026-01-03 03:02:22","updated_at":"2026-01-03 03:02:22","name":"Kab. Bolaang Mongondow Utara","loc_province_id":71},
{"id":7109,"created_at":"2026-01-03 03:02:22","updated_at":"2026-01-03 03:02:22","name":"Kab. Kep. Siau Tagulandang Biaro","loc_province_id":71},
{"id":7110,"created_at":"2026-01-03 03:02:22","updated_at":"2026-01-03 03:02:22","name":"Kab. Bolaang Mongondow Timur","loc_province_id":71},
{"id":7111,"created_at":"2026-01-03 03:02:22","updated_at":"2026-01-03 03:02:22","name":"Kab. Bolaang Mongondow Selatan","loc_province_id":71},
{"id":7171,"created_at":"2026-01-03 03:02:22","updated_at":"2026-01-03 03:02:22","name":"Kota Manado","loc_province_id":71},
{"id":7172,"created_at":"2026-01-03 03:02:22","updated_at":"2026-01-03 03:02:22","name":"Kota Bitung","loc_province_id":71},
{"id":7173,"created_at":"2026-01-03 03:02:22","updated_at":"2026-01-03 03:02:22","name":"Kota Tomohon","loc_province_id":71},
{"id":7174,"created_at":"2026-01-03 03:02:22","updated_at":"2026-01-03 03:02:22","name":"Kota Kotamobagu","loc_province_id":71},
{"id":7201,"created_at":"2026-01-03 03:02:22","updated_at":"2026-01-03 03:02:22","name":"Kab. Banggai","loc_province_id":72},
{"id":7202,"created_at":"2026-01-03 03:02:22","updated_at":"2026-01-03 03:02:22","name":"Kab. Poso","loc_province_id":72},
{"id":7203,"created_at":"2026-01-03 03:02:22","updated_at":"2026-01-03 03:02:22","name":"Kab. Donggala","loc_province_id":72},
{"id":7204,"created_at":"2026-01-03 03:02:22","updated_at":"2026-01-03 03:02:22","name":"Kab. Toli-Toli","loc_province_id":72},
{"id":7205,"created_at":"2026-01-03 03:02:22","updated_at":"2026-01-03 03:02:22","name":"Kab. Buol","loc_province_id":72},
{"id":7206,"created_at":"2026-01-03 03:02:22","updated_at":"2026-01-03 03:02:22","name":"Kab. Morowali","loc_province_id":72},
{"id":7207,"created_at":"2026-01-03 03:02:22","updated_at":"2026-01-03 03:02:22","name":"Kab. Banggai Kepulauan","loc_province_id":72},
{"id":7208,"created_at":"2026-01-03 03:02:22","updated_at":"2026-01-03 03:02:22","name":"Kab. Parigi Moutong","loc_province_id":72},
{"id":7209,"created_at":"2026-01-03 03:02:22","updated_at":"2026-01-03 03:02:22","name":"Kab. Tojo Una Una","loc_province_id":72},
{"id":7210,"created_at":"2026-01-03 03:02:22","updated_at":"2026-01-03 03:02:22","name":"Kab. Sigi","loc_province_id":72},
{"id":7211,"created_at":"2026-01-03 03:02:22","updated_at":"2026-01-03 03:02:22","name":"Kab. Banggai Laut","loc_province_id":72},
{"id":7212,"created_at":"2026-01-03 03:02:22","updated_at":"2026-01-03 03:02:22","name":"Kab. Morowali Utara","loc_province_id":72},
{"id":7271,"created_at":"2026-01-03 03:02:22","updated_at":"2026-01-03 03:02:22","name":"Kota Palu","loc_province_id":72},
{"id":7301,"created_at":"2026-01-03 03:02:22","updated_at":"2026-01-03 03:02:22","name":"Kab. Kepulauan Selayar","loc_province_id":73},
{"id":7302,"created_at":"2026-01-03 03:02:22","updated_at":"2026-01-03 03:02:22","name":"Kab. Bulukumba","loc_province_id":73},
{"id":7303,"created_at":"2026-01-03 03:02:23","updated_at":"2026-01-03 03:02:23","name":"Kab. Bantaeng","loc_province_id":73},
{"id":7304,"created_at":"2026-01-03 03:02:23","updated_at":"2026-01-03 03:02:23","name":"Kab. Jeneponto","loc_province_id":73},
{"id":7305,"created_at":"2026-01-03 03:02:23","updated_at":"2026-01-03 03:02:23","name":"Kab. Takalar","loc_province_id":73},
{"id":7306,"created_at":"2026-01-03 03:02:23","updated_at":"2026-01-03 03:02:23","name":"Kab. Gowa","loc_province_id":73},
{"id":7307,"created_at":"2026-01-03 03:02:23","updated_at":"2026-01-03 03:02:23","name":"Kab. Sinjai","loc_province_id":73},
{"id":7308,"created_at":"2026-01-03 03:02:23","updated_at":"2026-01-03 03:02:23","name":"Kab. Bone","loc_province_id":73},
{"id":7309,"created_at":"2026-01-03 03:02:23","updated_at":"2026-01-03 03:02:23","name":"Kab. Maros","loc_province_id":73},
{"id":7310,"created_at":"2026-01-03 03:02:23","updated_at":"2026-01-03 03:02:23","name":"Kab. Pangkajene dan Kepulauan","loc_province_id":73},
{"id":7311,"created_at":"2026-01-03 03:02:23","updated_at":"2026-01-03 03:02:23","name":"Kab. Barru","loc_province_id":73},
{"id":7312,"created_at":"2026-01-03 03:02:23","updated_at":"2026-01-03 03:02:23","name":"Kab. Soppeng","loc_province_id":73},
{"id":7313,"created_at":"2026-01-03 03:02:23","updated_at":"2026-01-03 03:02:23","name":"Kab. Wajo","loc_province_id":73},
{"id":7314,"created_at":"2026-01-03 03:02:23","updated_at":"2026-01-03 03:02:23","name":"Kab. Sidenreng Rappang","loc_province_id":73},
{"id":7315,"created_at":"2026-01-03 03:02:23","updated_at":"2026-01-03 03:02:23","name":"Kab. Pinrang","loc_province_id":73},
{"id":7316,"created_at":"2026-01-03 03:02:23","updated_at":"2026-01-03 03:02:23","name":"Kab. Enrekang","loc_province_id":73},
{"id":7317,"created_at":"2026-01-03 03:02:23","updated_at":"2026-01-03 03:02:23","name":"Kab. Luwu","loc_province_id":73},
{"id":7318,"created_at":"2026-01-03 03:02:23","updated_at":"2026-01-03 03:02:23","name":"Kab. Tana Toraja","loc_province_id":73},
{"id":7322,"created_at":"2026-01-03 03:02:23","updated_at":"2026-01-03 03:02:23","name":"Kab. Luwu Utara","loc_province_id":73},
{"id":7324,"created_at":"2026-01-03 03:02:23","updated_at":"2026-01-03 03:02:23","name":"Kab. Luwu Timur","loc_province_id":73},
{"id":7326,"created_at":"2026-01-03 03:02:23","updated_at":"2026-01-03 03:02:23","name":"Kab. Toraja Utara","loc_province_id":73},
{"id":7371,"created_at":"2026-01-03 03:02:23","updated_at":"2026-01-03 03:02:23","name":"Kota Makassar","loc_province_id":73},
{"id":7372,"created_at":"2026-01-03 03:02:23","updated_at":"2026-01-03 03:02:23","name":"Kota Parepare","loc_province_id":73},
{"id":7373,"created_at":"2026-01-03 03:02:23","updated_at":"2026-01-03 03:02:23","name":"Kota Palopo","loc_province_id":73},
{"id":7401,"created_at":"2026-01-03 03:02:23","updated_at":"2026-01-03 03:02:23","name":"Kab. Kolaka","loc_province_id":74},
{"id":7402,"created_at":"2026-01-03 03:02:23","updated_at":"2026-01-03 03:02:23","name":"Kab. Konawe","loc_province_id":74},
{"id":7403,"created_at":"2026-01-03 03:02:23","updated_at":"2026-01-03 03:02:23","name":"Kab. Muna","loc_province_id":74},
{"id":7404,"created_at":"2026-01-03 03:02:23","updated_at":"2026-01-03 03:02:23","name":"Kab. Buton","loc_province_id":74},
{"id":7405,"created_at":"2026-01-03 03:02:23","updated_at":"2026-01-03 03:02:23","name":"Kab. Konawe Selatan","loc_province_id":74},
{"id":7406,"created_at":"2026-01-03 03:02:23","updated_at":"2026-01-03 03:02:23","name":"Kab. Bombana","loc_province_id":74},
{"id":7407,"created_at":"2026-01-03 03:02:23","updated_at":"2026-01-03 03:02:23","name":"Kab. Wakatobi","loc_province_id":74},
{"id":7408,"created_at":"2026-01-03 03:02:23","updated_at":"2026-01-03 03:02:23","name":"Kab. Kolaka Utara","loc_province_id":74},
{"id":7409,"created_at":"2026-01-03 03:02:23","updated_at":"2026-01-03 03:02:23","name":"Kab. Konawe Utara","loc_province_id":74},
{"id":7410,"created_at":"2026-01-03 03:02:23","updated_at":"2026-01-03 03:02:23","name":"Kab. Buton Utara","loc_province_id":74},
{"id":7411,"created_at":"2026-01-03 03:02:23","updated_at":"2026-01-03 03:02:23","name":"Kab. Kolaka Timur","loc_province_id":74},
{"id":7412,"created_at":"2026-01-03 03:02:23","updated_at":"2026-01-03 03:02:23","name":"Kab. Konawe Kepulauan","loc_province_id":74},
{"id":7413,"created_at":"2026-01-03 03:02:23","updated_at":"2026-01-03 03:02:23","name":"Kab. Muna Barat","loc_province_id":74},
{"id":7414,"created_at":"2026-01-03 03:02:23","updated_at":"2026-01-03 03:02:23","name":"Kab. Buton Tengah","loc_province_id":74},
{"id":7415,"created_at":"2026-01-03 03:02:23","updated_at":"2026-01-03 03:02:23","name":"Kab. Buton Selatan","loc_province_id":74},
{"id":7471,"created_at":"2026-01-03 03:02:23","updated_at":"2026-01-03 03:02:23","name":"Kota Kendari","loc_province_id":74},
{"id":7472,"created_at":"2026-01-03 03:02:23","updated_at":"2026-01-03 03:02:23","name":"Kota Bau Bau","loc_province_id":74},
{"id":7501,"created_at":"2026-01-03 03:02:23","updated_at":"2026-01-03 03:02:23","name":"Kab. Gorontalo","loc_province_id":75},
{"id":7502,"created_at":"2026-01-03 03:02:23","updated_at":"2026-01-03 03:02:23","name":"Kab. Boalemo","loc_province_id":75},
{"id":7503,"created_at":"2026-01-03 03:02:23","updated_at":"2026-01-03 03:02:23","name":"Kab. Bone Bolango","loc_province_id":75},
{"id":7504,"created_at":"2026-01-03 03:02:23","updated_at":"2026-01-03 03:02:23","name":"Kab. Pohuwato","loc_province_id":75},
{"id":7505,"created_at":"2026-01-03 03:02:23","updated_at":"2026-01-03 03:02:23","name":"Kab. Gorontalo Utara","loc_province_id":75},
{"id":7571,"created_at":"2026-01-03 03:02:23","updated_at":"2026-01-03 03:02:23","name":"Kota Gorontalo","loc_province_id":75},
{"id":7601,"created_at":"2026-01-03 03:02:23","updated_at":"2026-01-03 03:02:23","name":"Kab. Pasangkayu","loc_province_id":76},
{"id":7602,"created_at":"2026-01-03 03:02:23","updated_at":"2026-01-03 03:02:23","name":"Kab. Mamuju","loc_province_id":76},
{"id":7603,"created_at":"2026-01-03 03:02:23","updated_at":"2026-01-03 03:02:23","name":"Kab. Mamasa","loc_province_id":76},
{"id":7604,"created_at":"2026-01-03 03:02:23","updated_at":"2026-01-03 03:02:23","name":"Kab. Polewali Mandar","loc_province_id":76},
{"id":7605,"created_at":"2026-01-03 03:02:23","updated_at":"2026-01-03 03:02:23","name":"Kab. Majene","loc_province_id":76},
{"id":7606,"created_at":"2026-01-03 03:02:23","updated_at":"2026-01-03 03:02:23","name":"Kab. Mamuju Tengah","loc_province_id":76},
{"id":8101,"created_at":"2026-01-03 03:02:23","updated_at":"2026-01-03 03:02:23","name":"Kab. Maluku Tengah","loc_province_id":81},
{"id":8102,"created_at":"2026-01-03 03:02:23","updated_at":"2026-01-03 03:02:23","name":"Kab. Maluku Tenggara","loc_province_id":81},
{"id":8103,"created_at":"2026-01-03 03:02:23","updated_at":"2026-01-03 03:02:23","name":"Kab. Kepulauan Tanimbar","loc_province_id":81},
{"id":8104,"created_at":"2026-01-03 03:02:23","updated_at":"2026-01-03 03:02:23","name":"Kab. Buru","loc_province_id":81},
{"id":8105,"created_at":"2026-01-03 03:02:23","updated_at":"2026-01-03 03:02:23","name":"Kab. Seram Bagian Timur","loc_province_id":81},
{"id":8106,"created_at":"2026-01-03 03:02:23","updated_at":"2026-01-03 03:02:23","name":"Kab. Seram Bagian Barat","loc_province_id":81},
{"id":8107,"created_at":"2026-01-03 03:02:23","updated_at":"2026-01-03 03:02:23","name":"Kab. Kepulauan Aru","loc_province_id":81},
{"id":8108,"created_at":"2026-01-03 03:02:23","updated_at":"2026-01-03 03:02:23","name":"Kab. Maluku Barat Daya","loc_province_id":81},
{"id":8109,"created_at":"2026-01-03 03:02:23","updated_at":"2026-01-03 03:02:23","name":"Kab. Buru Selatan","loc_province_id":81},
{"id":8171,"created_at":"2026-01-03 03:02:23","updated_at":"2026-01-03 03:02:23","name":"Kota Ambon","loc_province_id":81},
{"id":8172,"created_at":"2026-01-03 03:02:23","updated_at":"2026-01-03 03:02:23","name":"Kota Tual","loc_province_id":81},
{"id":8201,"created_at":"2026-01-03 03:02:23","updated_at":"2026-01-03 03:02:23","name":"Kab. Halmahera Barat","loc_province_id":82},
{"id":8202,"created_at":"2026-01-03 03:02:23","updated_at":"2026-01-03 03:02:23","name":"Kab. Halmahera Tengah","loc_province_id":82},
{"id":8203,"created_at":"2026-01-03 03:02:23","updated_at":"2026-01-03 03:02:23","name":"Kab. Halmahera Utara","loc_province_id":82},
{"id":8204,"created_at":"2026-01-03 03:02:23","updated_at":"2026-01-03 03:02:23","name":"Kab. Halmahera Selatan","loc_province_id":82},
{"id":8205,"created_at":"2026-01-03 03:02:23","updated_at":"2026-01-03 03:02:23","name":"Kab. Kepulauan Sula","loc_province_id":82},
{"id":8206,"created_at":"2026-01-03 03:02:23","updated_at":"2026-01-03 03:02:23","name":"Kab. Halmahera Timur","loc_province_id":82},
{"id":8207,"created_at":"2026-01-03 03:02:23","updated_at":"2026-01-03 03:02:23","name":"Kab. Pulau Morotai","loc_province_id":82},
{"id":8208,"created_at":"2026-01-03 03:02:23","updated_at":"2026-01-03 03:02:23","name":"Kab. Pulau Taliabu","loc_province_id":82},
{"id":8271,"created_at":"2026-01-03 03:02:23","updated_at":"2026-01-03 03:02:23","name":"Kota Ternate","loc_province_id":82},
{"id":8272,"created_at":"2026-01-03 03:02:23","updated_at":"2026-01-03 03:02:23","name":"Kota Tidore Kepulauan","loc_province_id":82},
{"id":9103,"created_at":"2026-01-03 03:02:23","updated_at":"2026-01-03 03:02:23","name":"Kab. Jayapura","loc_province_id":91},
{"id":9105,"created_at":"2026-01-03 03:02:23","updated_at":"2026-01-03 03:02:23","name":"Kab. Kepulauan Yapen","loc_province_id":91},
{"id":9106,"created_at":"2026-01-03 03:02:23","updated_at":"2026-01-03 03:02:23","name":"Kab. Biak Numfor","loc_province_id":91},
{"id":9110,"created_at":"2026-01-03 03:02:23","updated_at":"2026-01-03 03:02:23","name":"Kab. Sarmi","loc_province_id":91},
{"id":9111,"created_at":"2026-01-03 03:02:23","updated_at":"2026-01-03 03:02:23","name":"Kab. Keerom","loc_province_id":91},
{"id":9115,"created_at":"2026-01-03 03:02:23","updated_at":"2026-01-03 03:02:23","name":"Kab. Waropen","loc_province_id":91},
{"id":9119,"created_at":"2026-01-03 03:02:23","updated_at":"2026-01-03 03:02:23","name":"Kab. Supiori","loc_province_id":91},
{"id":9120,"created_at":"2026-01-03 03:02:23","updated_at":"2026-01-03 03:02:23","name":"Kab. Mamberamo Raya","loc_province_id":91},
{"id":9171,"created_at":"2026-01-03 03:02:23","updated_at":"2026-01-03 03:02:23","name":"Kota Jayapura","loc_province_id":91},
{"id":9202,"created_at":"2026-01-03 03:02:23","updated_at":"2026-01-03 03:02:23","name":"Kab. Manokwari","loc_province_id":92},
{"id":9203,"created_at":"2026-01-03 03:02:23","updated_at":"2026-01-03 03:02:23","name":"Kab. Fak Fak","loc_province_id":92},
{"id":9206,"created_at":"2026-01-03 03:02:23","updated_at":"2026-01-03 03:02:23","name":"Kab. Teluk Bintuni","loc_province_id":92},
{"id":9207,"created_at":"2026-01-03 03:02:23","updated_at":"2026-01-03 03:02:23","name":"Kab. Teluk Wondama","loc_province_id":92},
{"id":9208,"created_at":"2026-01-03 03:02:23","updated_at":"2026-01-03 03:02:23","name":"Kab. Kaimana","loc_province_id":92},
{"id":9211,"created_at":"2026-01-03 03:02:23","updated_at":"2026-01-03 03:02:23","name":"Kab. Manokwari Selatan","loc_province_id":92},
{"id":9212,"created_at":"2026-01-03 03:02:23","updated_at":"2026-01-03 03:02:23","name":"Kab. Pegunungan Arfak","loc_province_id":92},
{"id":9301,"created_at":"2026-01-03 03:02:23","updated_at":"2026-01-03 03:02:23","name":"Kab. Merauke","loc_province_id":93},
{"id":9302,"created_at":"2026-01-03 03:02:23","updated_at":"2026-01-03 03:02:23","name":"Kab. Boven Digoel","loc_province_id":93},
{"id":9303,"created_at":"2026-01-03 03:02:23","updated_at":"2026-01-03 03:02:23","name":"Kab. Mappi","loc_province_id":93},
{"id":9304,"created_at":"2026-01-03 03:02:23","updated_at":"2026-01-03 03:02:23","name":"Kab. Asmat","loc_province_id":93},
{"id":9401,"created_at":"2026-01-03 03:02:23","updated_at":"2026-01-03 03:02:23","name":"Kab. Nabire","loc_province_id":94},
{"id":9402,"created_at":"2026-01-03 03:02:23","updated_at":"2026-01-03 03:02:23","name":"Kab. Puncak Jaya","loc_province_id":94},
{"id":9403,"created_at":"2026-01-03 03:02:23","updated_at":"2026-01-03 03:02:23","name":"Kab. Paniai","loc_province_id":94},
{"id":9404,"created_at":"2026-01-03 03:02:23","updated_at":"2026-01-03 03:02:23","name":"Kab. Mimika","loc_province_id":94},
{"id":9405,"created_at":"2026-01-03 03:02:23","updated_at":"2026-01-03 03:02:23","name":"Kab. Puncak","loc_province_id":94},
{"id":9406,"created_at":"2026-01-03 03:02:23","updated_at":"2026-01-03 03:02:23","name":"Kab. Dogiyai","loc_province_id":94},
{"id":9407,"created_at":"2026-01-03 03:02:23","updated_at":"2026-01-03 03:02:23","name":"Kab. Intan Jaya","loc_province_id":94},
{"id":9408,"created_at":"2026-01-03 03:02:23","updated_at":"2026-01-03 03:02:23","name":"Kab. Deiyai","loc_province_id":94},
{"id":9501,"created_at":"2026-01-03 03:02:24","updated_at":"2026-01-03 03:02:24","name":"Kab. Jayawijaya","loc_province_id":95},
{"id":9502,"created_at":"2026-01-03 03:02:24","updated_at":"2026-01-03 03:02:24","name":"Kab Pegunungan Bintang","loc_province_id":95},
{"id":9503,"created_at":"2026-01-03 03:02:24","updated_at":"2026-01-03 03:02:24","name":"Kab. Yahukimo","loc_province_id":95},
{"id":9504,"created_at":"2026-01-03 03:02:24","updated_at":"2026-01-03 03:02:24","name":"Kab. Tolikara","loc_province_id":95},
{"id":9505,"created_at":"2026-01-03 03:02:24","updated_at":"2026-01-03 03:02:24","name":"Kab. Mamberamo Tengah","loc_province_id":95},
{"id":9506,"created_at":"2026-01-03 03:02:24","updated_at":"2026-01-03 03:02:24","name":"Kab. Yalimo","loc_province_id":95},
{"id":9507,"created_at":"2026-01-03 03:02:24","updated_at":"2026-01-03 03:02:24","name":"Kab. Lanny Jaya","loc_province_id":95},
{"id":9508,"created_at":"2026-01-03 03:02:24","updated_at":"2026-01-03 03:02:24","name":"Kab. Nduga","loc_province_id":95},
{"id":9601,"created_at":"2026-01-03 03:02:24","updated_at":"2026-01-03 03:02:24","name":"Kab. Sorong","loc_province_id":96},
{"id":9602,"created_at":"2026-01-03 03:02:24","updated_at":"2026-01-03 03:02:24","name":"Kab. Sorong Selatan","loc_province_id":96},
{"id":9603,"created_at":"2026-01-03 03:02:24","updated_at":"2026-01-03 03:02:24","name":"Kab. Raja Ampat","loc_province_id":96},
{"id":9604,"created_at":"2026-01-03 03:02:24","updated_at":"2026-01-03 03:02:24","name":"Kab. Tambrauw","loc_province_id":96},
{"id":9605,"created_at":"2026-01-03 03:02:24","updated_at":"2026-01-03 03:02:24","name":"Kab. Maybrat","loc_province_id":96},
{"id":9671,"created_at":"2026-01-03 03:02:24","updated_at":"2026-01-03 03:02:24","name":"Kota Sorong","loc_province_id":96}]
