[{"id":"cc5d26ef-a68b-4e5a-896b-09a4480a482d","type":"Filament\\Notifications\\DatabaseNotification","notifiable_type":"App\\Models\\User","notifiable_id":1,"data":"{\"actions\":[{\"name\":\"downloadFailedRowsCsv\",\"color\":\"danger\",\"event\":null,\"eventData\":[],\"dispatchDirection\":false,\"dispatchToComponent\":null,\"extraAttributes\":[],\"icon\":null,\"iconPosition\":\"before\",\"iconSize\":null,\"isOutlined\":false,\"isDisabled\":false,\"label\":\"Download information about the failed row\",\"shouldClose\":false,\"shouldMarkAsRead\":true,\"shouldMarkAsUnread\":false,\"shouldOpenUrlInNewTab\":true,\"shouldPostToUrl\":false,\"size\":\"sm\",\"tooltip\":null,\"url\":\"\\/filament\\/imports\\/9\\/failed-rows\\/download?authGuard=web&signature=72d55f8816a7fcab6d8888d93dc0f595d38895b4b9346c46b866c74c077431db\",\"view\":\"filament::components.link\"}],\"body\":\"Your ref branch import has completed and 10 rows imported. 1 row failed to import.\",\"color\":null,\"duration\":\"persistent\",\"icon\":\"heroicon-o-exclamation-circle\",\"iconColor\":\"warning\",\"status\":\"warning\",\"title\":\"Import completed\",\"view\":null,\"viewData\":[],\"format\":\"filament\"}","read_at":"2026-01-04 04:38:16","created_at":"2026-01-04 04:37:53","updated_at":"2026-01-04 04:38:16"},
{"id":"1c01fb2c-d2c7-4111-906d-4a8f51a3a89d","type":"Filament\\Notifications\\DatabaseNotification","notifiable_type":"App\\Models\\User","notifiable_id":1,"data":"{\"actions\":[{\"name\":\"downloadFailedRowsCsv\",\"color\":\"danger\",\"event\":null,\"eventData\":[],\"dispatchDirection\":false,\"dispatchToComponent\":null,\"extraAttributes\":[],\"icon\":null,\"iconPosition\":\"before\",\"iconSize\":null,\"isOutlined\":false,\"isDisabled\":false,\"label\":\"Download information about the failed row\",\"shouldClose\":false,\"shouldMarkAsRead\":true,\"shouldMarkAsUnread\":false,\"shouldOpenUrlInNewTab\":true,\"shouldPostToUrl\":false,\"size\":\"sm\",\"tooltip\":null,\"url\":\"\\/filament\\/imports\\/10\\/failed-rows\\/download?authGuard=web&signature=51418e4c547b733ead1a4d923ca02ef3cb42ee528dc8271cbfb477c6a9ddb44a\",\"view\":\"filament::components.link\"}],\"body\":\"Your ref branch import has completed and 10 rows imported. 1 row failed to import.\",\"color\":null,\"duration\":\"persistent\",\"icon\":\"heroicon-o-exclamation-circle\",\"iconColor\":\"warning\",\"status\":\"warning\",\"title\":\"Import completed\",\"view\":null,\"viewData\":[],\"format\":\"filament\"}","read_at":"2026-01-04 04:45:48","created_at":"2026-01-04 04:45:36","updated_at":"2026-01-04 04:45:48"},
{"id":"38162c5b-90d7-4ad5-aeff-a099760bded5","type":"Filament\\Notifications\\DatabaseNotification","notifiable_type":"App\\Models\\User","notifiable_id":1,"data":"{\"actions\":[],\"body\":\"Your ref branch import has completed and 11 rows imported.\",\"color\":null,\"duration\":\"persistent\",\"icon\":\"heroicon-o-check-circle\",\"iconColor\":\"success\",\"status\":\"success\",\"title\":\"Import completed\",\"view\":null,\"viewData\":[],\"format\":\"filament\"}","read_at":null,"created_at":"2026-01-04 04:51:38","updated_at":"2026-01-04 04:51:38"}]
